MIC,OPERATING MIC,OPRT/SGMT,ISO COUNTRY CODE (ISO 3166),STATUS
21XX,21XX,OPRT,DE,ACTIVE
24DX,24EQ,SGMT,US,ACTIVE
24EQ,24EQ,OPRT,US,ACTIVE
24EX,24EX,OPRT,BM,ACTIVE
3579,3579,OPRT,GB,ACTIVE
360D,360X,SGMT,DE,ACTIVE
360M,360X,SGMT,DE,ACTIVE
360T,360T,OPRT,DE,ACTIVE
360X,360X,OPRT,DE,ACTIVE
3DXE,360T,SGMT,DE,ACTIVE
4AXE,4AXE,OPRT,ZA,ACTIVE
A2XX,A2XX,OPRT,ZA,ACTIVE
A5XB,A5XB,OPRT,BR,ACTIVE
AACA,AACA,OPRT,FR,ACTIVE
AAPA,AAPA,OPRT,GR,ACTIVE
AATS,AATS,OPRT,US,ACTIVE
ABAN,ABAN,OPRT,ES,ACTIVE
ABFI,ABFI,OPRT,GR,ACTIVE
ABNA,ABNA,OPRT,NL,ACTIVE
ABNC,ABNC,OPRT,NL,ACTIVE
ABSI,ABSI,OPRT,DK,ACTIVE
ABUL,XBUL,SGMT,BG,ACTIVE
ABXX,VMEX,SGMT,AE,ACTIVE
ACCX,ACCX,OPRT,GB,ACTIVE
ACEX,ACEX,OPRT,IN,ACTIVE
ACKF,KNIG,SGMT,US,ACTIVE
ACXC,ACXC,OPRT,AE,ACTIVE
ACXL,ACXL,OPRT,AE,ACTIVE
ADRK,XATS,SGMT,CA,ACTIVE
ADVT,ADVT,OPRT,US,ACTIVE
AFDL,AFDL,OPRT,GB,EXPIRED
AFET,AFET,OPRT,TH,ACTIVE
AFEX,AFEX,OPRT,MU,ACTIVE
AFSA,AFSA,OPRT,NL,ACTIVE
AFSE,AFSE,OPRT,NL,ACTIVE
AFSI,AFSA,SGMT,NL,ACTIVE
AFSL,AFSA,SGMT,NL,ACTIVE
AFSO,AFSA,SGMT,NL,ACTIVE
AFSX,AFSA,SGMT,NL,ACTIVE
AFTS,AFTS,OPRT,GB,ACTIVE
AGBP,AGBP,OPRT,ES,ACTIVE
AILT,AILT,OPRT,IE,ACTIVE
AIMX,XLON,SGMT,GB,ACTIVE
AIXE,AIXE,OPRT,CH,EXPIRED
AIXK,AIXK,OPRT,KZ,ACTIVE
AKIS,AKIS,OPRT,IT,ACTIVE
ALDP,XNYS,SGMT,US,EXPIRED
ALGO,ALGO,OPRT,GB,EXPIRED
ALLT,ALLT,OPRT,ES,ACTIVE
ALPX,ALPX,OPRT,US,ACTIVE
ALSI,ALSI,OPRT,DK,ACTIVE
ALTX,XJSE,SGMT,ZA,ACTIVE
ALXA,XAMS,SGMT,NL,EXPIRED
ALXB,XBRU,SGMT,BE,ACTIVE
ALXL,XLIS,SGMT,PT,ACTIVE
ALXP,XPAR,SGMT,FR,ACTIVE
AMLG,AMLG,OPRT,US,EXPIRED
AMNL,XAMM,SGMT,JO,ACTIVE
AMPX,AMPX,OPRT,GB,ACTIVE
AMTS,XMTS,SGMT,GB,EXPIRED
AMXO,XNYS,SGMT,US,ACTIVE
ANLP,ANZL,SGMT,GB,ACTIVE
ANTS,ANTS,OPRT,GB,ACTIVE
ANZL,ANZL,OPRT,GB,ACTIVE
APAW,APAW,OPRT,AT,ACTIVE
APCL,APEX,SGMT,SG,ACTIVE
APEX,APEX,OPRT,SG,ACTIVE
APXL,APXL,OPRT,AU,ACTIVE
AQEA,AQEU,SGMT,FR,ACTIVE
AQED,AQEU,SGMT,FR,ACTIVE
AQEU,AQEU,OPRT,FR,ACTIVE
AQSD,AQSE,SGMT,GB,ACTIVE
AQSE,AQSE,OPRT,GB,ACTIVE
AQSF,AQSE,SGMT,GB,ACTIVE
AQSG,AQSE,SGMT,GB,ACTIVE
AQSL,AQSE,SGMT,GB,ACTIVE
AQSN,AQSE,SGMT,GB,ACTIVE
AQST,AQSE,SGMT,GB,ACTIVE
AQUA,AQUA,OPRT,US,EXPIRED
AQXA,AQXE,SGMT,GB,ACTIVE
AQXD,AQXE,SGMT,GB,ACTIVE
AQXE,AQXE,OPRT,GB,ACTIVE
ARAX,ARAX,OPRT,GB,ACTIVE
ARCB,ARCE,SGMT,ES,ACTIVE
ARCD,XNYS,SGMT,US,ACTIVE
ARCE,ARCE,OPRT,ES,ACTIVE
ARCH,ARCH,OPRT,GB,ACTIVE
ARCO,XNYS,SGMT,US,ACTIVE
ARCX,XNYS,SGMT,US,ACTIVE
ARDA,ARCH,SGMT,GB,ACTIVE
AREX,AREX,OPRT,IE,ACTIVE
ARIA,ARIA,OPRT,GB,ACTIVE
ARKX,ARKX,OPRT,US,ACTIVE
ARTX,ARTX,OPRT,LI,ACTIVE
ASEF,ASEF,OPRT,US,ACTIVE
ASEX,ASEX,OPRT,GR,ACTIVE
ASMT,INCR,SGMT,US,ACTIVE
ASPI,INCR,SGMT,US,ACTIVE
ASPN,INCR,SGMT,US,ACTIVE
ASTR,CDSL,SGMT,IN,ACTIVE
ASXB,XASX,SGMT,AU,ACTIVE
ASXC,XASX,SGMT,AU,ACTIVE
ASXP,XASX,SGMT,AU,ACTIVE
ASXT,XASX,SGMT,AU,ACTIVE
ASXV,XASX,SGMT,AU,ACTIVE
ATAD,ATAD,OPRT,CZ,ACTIVE
ATDF,ATDF,OPRT,US,EXPIRED
ATFX,XMIL,SGMT,IT,ACTIVE
ATHL,ATHL,OPRT,CY,ACTIVE
ATLB,ATLB,OPRT,GB,ACTIVE
ATLN,ATLN,OPRT,CY,ACTIVE
ATSA,ATSA,OPRT,CA,EXPIRED
ATXE,ATXE,OPRT,US,ACTIVE
AURB,AURB,OPRT,FR,ACTIVE
AURO,AURB,SGMT,FR,ACTIVE
AUTB,AUTX,SGMT,GB,EXPIRED
AUTO,DBOX,SGMT,DE,EXPIRED
AUTP,AUTX,SGMT,GB,EXPIRED
AUTX,AUTX,OPRT,GB,EXPIRED
AVEU,AQEU,SGMT,FR,ACTIVE
AVXE,AQXE,SGMT,GB,ACTIVE
AWBX,AWBX,OPRT,AU,ACTIVE
AWEX,AWEX,OPRT,AU,ACTIVE
AXIO,AXIO,OPRT,LT,ACTIVE
AXSI,AXSI,OPRT,FI,EXPIRED
BAAD,BAAD,OPRT,DE,ACTIVE
BACE,BACE,OPRT,AR,ACTIVE
BACR,BAIP,SGMT,HK,ACTIVE
BAEP,BAIP,SGMT,HK,ACTIVE
BAIK,BAIK,OPRT,GB,EXPIRED
BAIP,BAIP,OPRT,HK,ACTIVE
BAJD,BAJD,OPRT,JP,ACTIVE
BAJM,XBAB,SGMT,BB,ACTIVE
BALT,BALT,OPRT,GB,ACTIVE
BAML,BAML,OPRT,US,ACTIVE
BAMP,BAMP,OPRT,US,EXPIRED
BAMX,BAMX,OPRT,US,ACTIVE
BANA,BANA,OPRT,GB,ACTIVE
BAPA,BAPA,OPRT,GB,ACTIVE
BAPE,BAPE,OPRT,NL,ACTIVE
BAPX,BAPX,OPRT,LT,ACTIVE
BARD,BARX,SGMT,US,ACTIVE
BARK,BCRM,SGMT,GB,ACTIVE
BARL,BARX,SGMT,US,ACTIVE
BARO,BCRM,SGMT,GB,ACTIVE
BART,BCRM,SGMT,GB,ACTIVE
BARU,CCRM,SGMT,NL,ACTIVE
BARX,BARX,OPRT,US,ACTIVE
BASE,BASE,OPRT,HK,ACTIVE
BASI,BANA,SGMT,GB,ACTIVE
BASP,BAIP,SGMT,HK,ACTIVE
BASX,BASX,OPRT,JP,ACTIVE
BATD,BCXE,SGMT,GB,ACTIVE
BATE,BCXE,SGMT,GB,ACTIVE
BATF,BCXE,SGMT,GB,ACTIVE
BATO,XCBO,SGMT,US,ACTIVE
BATP,BCXE,SGMT,GB,ACTIVE
BATS,XCBO,SGMT,US,ACTIVE
BATY,XCBO,SGMT,US,ACTIVE
BBIE,BBIE,OPRT,IE,ACTIVE
BBIS,BBIE,SGMT,IE,ACTIVE
BBLX,BBLX,OPRT,SG,ACTIVE
BBOK,BARX,SGMT,US,ACTIVE
BBSF,BBSF,OPRT,US,ACTIVE
BBSI,BPLC,SGMT,GB,ACTIVE
BBSN,BBSF,SGMT,US,ACTIVE
BBSX,BBSX,OPRT,GB,ACTIVE
BBVA,BBVA,OPRT,ES,ACTIVE
BBVI,BBVI,OPRT,VG,ACTIVE
BBVX,BBVX,OPRT,GB,ACTIVE
BCDX,BARX,SGMT,US,EXPIRED
BCEE,BCEE,OPRT,LU,ACTIVE
BCFS,BCFS,OPRT,AR,ACTIVE
BCMA,BCMA,OPRT,ES,ACTIVE
BCMM,BCMM,OPRT,BR,ACTIVE
BCRM,BCRM,OPRT,GB,ACTIVE
BCSC,BCSC,OPRT,CY,ACTIVE
BCSE,BCSE,OPRT,BY,ACTIVE
BCSI,BCSL,SGMT,GB,ACTIVE
BCSL,BCSL,OPRT,GB,ACTIVE
BCXE,BCXE,OPRT,GB,ACTIVE
BDEA,BLBB,SGMT,DE,ACTIVE
BDPL,BDPL,OPRT,LU,ACTIVE
BDSK,BDSK,OPRT,BG,ACTIVE
BEAM,BEAM,OPRT,BE,ACTIVE
BEBG,BEBG,OPRT,BG,ACTIVE
BEEX,BEEX,OPRT,TH,ACTIVE
BEIS,BEIS,OPRT,IT,ACTIVE
BELB,BELB,OPRT,BE,ACTIVE
BELF,BELB,SGMT,BE,ACTIVE
BERA,XBER,SGMT,DE,ACTIVE
BERB,XBER,SGMT,DE,ACTIVE
BERC,XBER,SGMT,DE,ACTIVE
BESA,BESA,OPRT,LU,ACTIVE
BETA,XBUD,SGMT,HU,ACTIVE
BETP,BETP,OPRT,JP,ACTIVE
BETX,BETX,OPRT,GB,ACTIVE
BEUD,CCXE,SGMT,NL,EXPIRED
BEUE,CCXE,SGMT,NL,EXPIRED
BEUF,CCXE,SGMT,NL,EXPIRED
BEUO,CCRM,SGMT,NL,ACTIVE
BEUP,CCXE,SGMT,NL,ACTIVE
BEUT,CCRM,SGMT,NL,ACTIVE
BFEX,BFEX,OPRT,BH,EXPIRED
BFPT,BFPT,OPRT,PT,ACTIVE
BFSD,BFSD,OPRT,SI,ACTIVE
BGCA,BGCA,OPRT,AU,ACTIVE
BGCB,BGCI,SGMT,GB,ACTIVE
BGCD,BGCF,SGMT,US,ACTIVE
BGCF,BGCF,OPRT,US,ACTIVE
BGCI,BGCI,OPRT,GB,ACTIVE
BGCJ,BGCJ,OPRT,JP,ACTIVE
BGCM,BGCI,SGMT,GB,EXPIRED
BGCO,BGCI,SGMT,GB,ACTIVE
BGEM,XMIL,SGMT,IT,ACTIVE
BGFI,BGSI,SGMT,DE,ACTIVE
BGFU,BGUK,SGMT,GB,ACTIVE
BGFX,BGSI,SGMT,DE,ACTIVE
BGHX,BGHX,OPRT,BG,ACTIVE
BGLU,BGLU,OPRT,LU,ACTIVE
BGSG,BGSG,OPRT,SG,ACTIVE
BGSI,BGSI,OPRT,DE,ACTIVE
BGUK,BGUK,OPRT,GB,ACTIVE
BHSF,BHSF,OPRT,US,ACTIVE
BHWA,BHWA,OPRT,PL,ACTIVE
BIDS,BIDS,OPRT,US,ACTIVE
BILT,BILT,OPRT,ZZ,ACTIVE
BILU,BILU,OPRT,LU,ACTIVE
BINV,BINV,OPRT,DE,ACTIVE
BISI,GSIB,SGMT,GB,ACTIVE
BIVA,BIVA,OPRT,MX,ACTIVE
BJSE,BJSE,OPRT,CN,ACTIVE
BKBF,BKBR,SGMT,BE,EXPIRED
BKBR,BKBR,OPRT,BE,ACTIVE
BKDM,BKDM,OPRT,IE,ACTIVE
BKKT,BKKT,OPRT,US,ACTIVE
BKLF,BKLN,SGMT,GB,EXPIRED
BKLN,BKLN,OPRT,GB,ACTIVE
BKSK,BKSK,OPRT,AT,ACTIVE
BLBB,BLBB,OPRT,DE,ACTIVE
BLBF,XBLB,SGMT,BA,ACTIVE
BLBS,BLBB,SGMT,DE,ACTIVE
BLEQ,BLBB,SGMT,DE,ACTIVE
BLEV,BLEV,OPRT,AU,ACTIVE
BLFX,BLBB,SGMT,DE,ACTIVE
BLIQ,BLBB,SGMT,DE,ACTIVE
BLKX,XINS,SGMT,US,ACTIVE
BLNK,CHEV,SGMT,GB,ACTIVE
BLOX,XIEL,SGMT,GB,ACTIVE
BLPX,BLPX,OPRT,BE,ACTIVE
BLTD,BLTD,OPRT,US,EXPIRED
BLTX,BALT,SGMT,GB,ACTIVE
BLUE,BLUE,OPRT,US,ACTIVE
BLUX,BLUX,OPRT,LU,ACTIVE
BLXA,BLXA,OPRT,AU,ACTIVE
BMCL,BMEX,SGMT,ES,ACTIVE
BMCM,BMCM,OPRT,GB,ACTIVE
BMEA,BMEX,SGMT,ES,ACTIVE
BMEX,BMEX,OPRT,ES,ACTIVE
BMFA,BMFX,SGMT,RO,EXPIRED
BMFM,BMFX,SGMT,RO,EXPIRED
BMFX,BMFX,OPRT,RO,EXPIRED
BMLB,BMLB,OPRT,GB,ACTIVE
BMLI,BMLI,OPRT,IE,ACTIVE
BMLS,BMLI,SGMT,IE,ACTIVE
BMLX,BMLX,OPRT,IE,EXPIRED
BMSI,BMLX,SGMT,IE,EXPIRED
BMTF,BMTF,OPRT,GB,ACTIVE
BMTS,BEAM,SGMT,BE,ACTIVE
BNCX,BNCX,OPRT,AE,ACTIVE
BNDD,TRWB,SGMT,US,ACTIVE
BNDS,BNDS,OPRT,US,ACTIVE
BNLD,BNLD,OPRT,IT,ACTIVE
BNPA,BNPA,OPRT,FR,ACTIVE
BNPC,BNPC,OPRT,US,ACTIVE
BNPF,BNPF,OPRT,BE,ACTIVE
BNPH,BNPH,OPRT,US,ACTIVE
BNPL,BNPL,OPRT,GB,ACTIVE
BNPP,BNPP,OPRT,PL,ACTIVE
BNPS,BNPS,OPRT,FR,ACTIVE
BNPX,BNPX,OPRT,JP,ACTIVE
BNSX,BNSX,OPRT,CA,ACTIVE
BNTW,XIEL,SGMT,GB,ACTIVE
BNYC,BNYC,OPRT,US,ACTIVE
BOAL,BANA,SGMT,GB,ACTIVE
BOAT,BOAT,OPRT,GB,ACTIVE
BOCF,BOCF,OPRT,DE,ACTIVE
BOFS,BOFS,OPRT,GB,ACTIVE
BOND,MTSO,SGMT,IT,EXPIRED
BOSC,BOSC,OPRT,GB,ACTIVE
BOSD,XNAS,SGMT,US,ACTIVE
BOSP,XWAR,SGMT,PL,ACTIVE
BOSS,BOSS,OPRT,US,ACTIVE
BOTC,BCXE,SGMT,GB,ACTIVE
BOTE,XBOT,SGMT,BW,ACTIVE
BOTV,XBOT,SGMT,BW,ACTIVE
BOVA,BOVA,OPRT,CL,ACTIVE
BOVM,BOVM,OPRT,BR,ACTIVE
BPAG,BPAG,OPRT,DE,EXPIRED
BPAS,BPAS,OPRT,IT,EXPIRED
BPKO,BPKO,OPRT,PL,ACTIVE
BPLC,BPLC,OPRT,GB,ACTIVE
BPOL,BPOL,OPRT,US,ACTIVE
BPSX,BPSX,OPRT,FR,ACTIVE
BPTE,BPTE,OPRT,SG,ACTIVE
BPXD,BPXX,SGMT,GB,ACTIVE
BPXR,BPXX,SGMT,GB,ACTIVE
BPXX,BPXX,OPRT,GB,ACTIVE
BRAE,ATLB,SGMT,GB,ACTIVE
BRDE,BRDE,OPRT,RO,ACTIVE
BRDL,BRDE,SGMT,RO,ACTIVE
BRDS,BRDE,SGMT,RO,ACTIVE
BREA,BREA,OPRT,IT,ACTIVE
BRED,BRED,OPRT,FR,ACTIVE
BRFQ,XIEL,SGMT,GB,ACTIVE
BRGA,BRGA,OPRT,GB,ACTIVE
BRIX,BRIX,OPRT,BR,ACTIVE
BRMF,XBRM,SGMT,RO,ACTIVE
BRNX,BRNX,OPRT,GB,ACTIVE
BSAB,BSAB,OPRT,ES,ACTIVE
BSEE,BSEE,OPRT,ES,ACTIVE
BSEX,BSEX,OPRT,AZ,ACTIVE
BSFX,BLBB,SGMT,DE,ACTIVE
BSGX,INCR,SGMT,US,ACTIVE
BSLB,BSLB,OPRT,GB,ACTIVE
BSME,XBOM,SGMT,IN,ACTIVE
BSPL,BSPL,OPRT,GB,ACTIVE
BSTX,BSTX,OPRT,US,ACTIVE
BTAM,BTAM,OPRT,NL,ACTIVE
BTBS,BTBS,OPRT,SG,ACTIVE
BTEA,BTEC,SGMT,US,ACTIVE
BTEC,BTEC,OPRT,US,ACTIVE
BTEE,BTEE,OPRT,GB,ACTIVE
BTEQ,BTEC,SGMT,US,ACTIVE
BTFE,BTFE,OPRT,NL,ACTIVE
BTLX,BTLX,OPRT,GB,ACTIVE
BTNL,BTNL,OPRT,US,ACTIVE
BTQE,BTAM,SGMT,NL,ACTIVE
BTQG,BTEE,SGMT,GB,ACTIVE
BTRL,BTRL,OPRT,RO,ACTIVE
BTSP,BTSP,OPRT,GB,ACTIVE
BTUN,XTUN,SGMT,TN,ACTIVE
BUKL,BUKL,OPRT,GB,ACTIVE
BULK,NORX,SGMT,NO,EXPIRED
BURG,XOSL,SGMT,NO,EXPIRED
BURM,XOSL,SGMT,NO,EXPIRED
BUSA,BUSA,OPRT,US,ACTIVE
BUYN,XLCH,SGMT,GB,ACTIVE
BVCA,BVCA,OPRT,VE,ACTIVE
BVMF,BVMF,OPRT,BR,ACTIVE
BVUK,XMTS,SGMT,GB,ACTIVE
BVUR,BVUR,OPRT,UY,ACTIVE
BVUS,MTUS,SGMT,US,EXPIRED
BXDA,BXDA,OPRT,CH,ACTIVE
BYXD,XCBO,SGMT,US,ACTIVE
BZXD,XCBO,SGMT,US,ACTIVE
C2OX,XCBO,SGMT,US,ACTIVE
CABK,CABK,OPRT,ES,ACTIVE
CABV,CABV,OPRT,NL,ACTIVE
CAES,CRED,SGMT,US,ACTIVE
CALH,CALH,OPRT,US,ACTIVE
CAND,CAND,OPRT,CA,ACTIVE
CANX,CANX,OPRT,CA,ACTIVE
CAPA,CCXE,SGMT,NL,ACTIVE
CAPI,CAPI,OPRT,ES,ACTIVE
CAPL,CAPL,OPRT,PL,ACTIVE
CAPT,CAPT,OPRT,GB,ACTIVE
CASI,CASI,OPRT,SE,ACTIVE
CAST,CAST,OPRT,US,ACTIVE
CATS,CATS,OPRT,DE,ACTIVE
CAVD,CAVD,OPRT,NL,ACTIVE
CAVE,OTCM,SGMT,US,ACTIVE
CAZE,CAZE,OPRT,GB,EXPIRED
CBAE,CBAE,OPRT,NL,ACTIVE
CBAL,CBAL,OPRT,GB,ACTIVE
CBKA,CBKA,OPRT,DE,ACTIVE
CBKC,CBKA,SGMT,DE,ACTIVE
CBKD,CBKA,SGMT,DE,ACTIVE
CBKE,CBKA,SGMT,DE,ACTIVE
CBKF,CBKA,SGMT,DE,ACTIVE
CBKG,CBKA,SGMT,DE,ACTIVE
CBKS,CBKA,SGMT,DE,ACTIVE
CBLC,CGMI,SGMT,US,EXPIRED
CBLP,CBLP,OPRT,GB,ACTIVE
CBMS,CBMS,OPRT,ZA,ACTIVE
CBNL,CBNL,OPRT,GB,ACTIVE
CBOE,CBOE,OPRT,CH,ACTIVE
CBSK,CBSK,OPRT,SK,ACTIVE
CBSX,XCBO,SGMT,US,ACTIVE
CBTS,XCME,SGMT,US,ACTIVE
CCDA,CCDA,OPRT,US,ACTIVE
CCEU,CCEU,OPRT,GB,ACTIVE
CCEX,CCEX,OPRT,KZ,ACTIVE
CCFE,CCFE,OPRT,US,EXPIRED
CCFX,CCFX,OPRT,CN,ACTIVE
CCLX,CCLX,OPRT,LU,ACTIVE
CCML,CCML,OPRT,GB,ACTIVE
CCMS,CCMS,OPRT,CH,ACTIVE
CCMX,CCMX,OPRT,US,ACTIVE
CCO2,CCO2,OPRT,GB,EXPIRED
CCRM,CCRM,OPRT,NL,ACTIVE
CCXE,CCXE,OPRT,NL,ACTIVE
CDED,CDED,OPRT,US,ACTIVE
CDEL,CDEL,OPRT,US,EXPIRED
CDNA,CDNA,OPRT,US,ACTIVE
CDSI,CSDA,SGMT,DE,ACTIVE
CDSL,CDSL,OPRT,IN,ACTIVE
CECA,CECA,OPRT,ES,ACTIVE
CECS,XCME,SGMT,US,ACTIVE
CEDX,CCRM,SGMT,NL,EXPIRED
CELP,CSOB,SGMT,CZ,ACTIVE
CEPL,CEPL,OPRT,IE,ACTIVE
CEPU,CEPU,OPRT,GB,ACTIVE
CESF,CESF,OPRT,US,ACTIVE
CESI,CSOB,SGMT,CZ,ACTIVE
CETI,BVMF,SGMT,BR,ACTIVE
CETO,XWAR,SGMT,PL,EXPIRED
CEUD,CCXE,SGMT,NL,ACTIVE
CEUE,CCXE,SGMT,NL,EXPIRED
CEUO,CCXE,SGMT,NL,ACTIVE
CEUX,CCXE,SGMT,NL,ACTIVE
CFAU,CSAU,SGMT,AU,ACTIVE
CFBC,XCFE,SGMT,CN,ACTIVE
CFHK,CSHK,SGMT,HK,ACTIVE
CFIC,CFIC,OPRT,GB,ACTIVE
CFIF,CFIF,OPRT,CY,ACTIVE
CFIL,CFIL,OPRT,IE,ACTIVE
CFIM,CFIM,OPRT,US,ACTIVE
CFJP,CSJP,SGMT,JP,ACTIVE
CFTW,CFTW,OPRT,TW,ACTIVE
CGCM,CGIT,SGMT,IT,ACTIVE
CGDB,CGIT,SGMT,IT,ACTIVE
CGEB,CGIT,SGMT,IT,ACTIVE
CGEC,CGMD,SGMT,DE,ACTIVE
CGEE,CGMD,SGMT,DE,EXPIRED
CGET,CGMD,SGMT,DE,ACTIVE
CGGD,CGIT,SGMT,IT,ACTIVE
CGIT,CGIT,OPRT,IT,ACTIVE
CGMA,CGMA,OPRT,AU,EXPIRED
CGMC,CGML,SGMT,GB,ACTIVE
CGMD,CGMD,OPRT,DE,ACTIVE
CGME,CGML,SGMT,GB,EXPIRED
CGMG,CGMG,OPRT,GB,ACTIVE
CGMH,CGMH,OPRT,HK,ACTIVE
CGMI,CGMI,OPRT,US,ACTIVE
CGML,CGML,OPRT,GB,ACTIVE
CGMT,CGML,SGMT,GB,ACTIVE
CGMU,CGML,SGMT,GB,EXPIRED
CGMX,CGMX,OPRT,MX,ACTIVE
CGND,CGIT,SGMT,IT,ACTIVE
CGQD,CGIT,SGMT,IT,ACTIVE
CGQT,CGIT,SGMT,IT,ACTIVE
CGTR,CGIT,SGMT,IT,ACTIVE
CGXS,CGXS,OPRT,US,ACTIVE
CHEV,CHEV,OPRT,GB,ACTIVE
CHIA,CHIA,OPRT,AU,ACTIVE
CHIC,CHIC,OPRT,CA,ACTIVE
CHID,BCXE,SGMT,GB,ACTIVE
CHIE,CHIE,OPRT,SG,EXPIRED
CHIJ,CHIJ,OPRT,JP,ACTIVE
CHIO,BCXE,SGMT,GB,ACTIVE
CHIS,CHIJ,SGMT,JP,ACTIVE
CHIV,CHIJ,SGMT,JP,ACTIVE
CHIX,BCXE,SGMT,GB,ACTIVE
CHIY,BCXE,SGMT,GB,EXPIRED
CIBC,CIBC,OPRT,GB,ACTIVE
CIBH,CIBH,OPRT,HU,ACTIVE
CIBP,CIBP,OPRT,GB,ACTIVE
CICX,CGMI,SGMT,US,EXPIRED
CILH,CILH,OPRT,JP,ACTIVE
CIMA,CIMD,SGMT,ES,EXPIRED
CIMB,CIMD,SGMT,ES,ACTIVE
CIMD,CIMD,OPRT,ES,ACTIVE
CIME,CIMD,SGMT,ES,ACTIVE
CIMV,CIMD,SGMT,ES,ACTIVE
CIOI,CGMI,SGMT,US,EXPIRED
CISD,XNYS,SGMT,US,ACTIVE
CITD,CITX,SGMT,JP,ACTIVE
CITX,CITX,OPRT,JP,ACTIVE
CLAU,CLAU,OPRT,AU,ACTIVE
CLCH,XLCH,SGMT,GB,ACTIVE
CLHK,CLHK,OPRT,HK,ACTIVE
CLJP,CLJP,OPRT,JP,ACTIVE
CLMX,CLMX,OPRT,NL,ACTIVE
CLPH,CLPH,OPRT,PH,ACTIVE
CLST,CLST,OPRT,US,ACTIVE
CLTD,CLTD,OPRT,SG,ACTIVE
CLVE,CLVE,OPRT,GB,ACTIVE
CMAP,CAPI,SGMT,ES,ACTIVE
CMCI,CMCI,OPRT,FR,ACTIVE
CMCM,CMCM,OPRT,GB,ACTIVE
CMEC,CMEE,SGMT,GB,EXPIRED
CMED,CMEE,SGMT,GB,EXPIRED
CMEE,CMEE,OPRT,GB,EXPIRED
CMES,XCME,SGMT,US,ACTIVE
CMET,CMET,OPRT,JP,ACTIVE
CMMT,CMMT,OPRT,GB,ACTIVE
CMSF,CMSF,OPRT,US,ACTIVE
CMTS,XMTS,SGMT,GB,EXPIRED
CNOD,CNOD,OPRT,SG,ACTIVE
CNSI,CNSI,OPRT,NO,ACTIVE
COAL,COAL,OPRT,FR,ACTIVE
CODA,CODA,OPRT,US,ACTIVE
CODX,CODX,OPRT,US,ACTIVE
COHR,COHR,OPRT,US,ACTIVE
COMG,COMG,OPRT,MT,ACTIVE
COMM,COMM,OPRT,NL,ACTIVE
CONC,CONC,OPRT,HU,ACTIVE
CONE,XCBO,SGMT,US,EXPIRED
CORE,CGMI,SGMT,US,EXPIRED
COTC,COTC,OPRT,CA,ACTIVE
CPGX,CPGX,OPRT,US,ACTIVE
CPRM,CCRM,SGMT,NL,ACTIVE
CPTX,CPTX,OPRT,NL,ACTIVE
CRBX,CRBX,OPRT,CH,ACTIVE
CRDL,CRDL,OPRT,GB,EXPIRED
CRED,CRED,OPRT,US,ACTIVE
CREM,CREM,OPRT,IT,ACTIVE
CRMS,CDSL,SGMT,IN,ACTIVE
CRSX,CRSX,OPRT,VG,ACTIVE
CRYD,CRYD,OPRT,SE,ACTIVE
CRYP,CRYP,OPRT,GB,ACTIVE
CRYX,CRYX,OPRT,SE,ACTIVE
CSAG,CSAG,OPRT,CH,ACTIVE
CSAS,CSAS,OPRT,CZ,ACTIVE
CSAU,CSAU,OPRT,AU,ACTIVE
CSBX,CSEU,SGMT,GB,ACTIVE
CSCF,CSEU,SGMT,GB,ACTIVE
CSCL,CRED,SGMT,US,ACTIVE
CSDA,CSDA,OPRT,DE,ACTIVE
CSE2,XCNQ,SGMT,CA,ACTIVE
CSEC,CSEC,OPRT,GB,ACTIVE
CSEU,CSEU,OPRT,GB,ACTIVE
CSFB,CSEU,SGMT,GB,EXPIRED
CSGI,CSGI,OPRT,IE,ACTIVE
CSHK,CSHK,OPRT,HK,ACTIVE
CSIN,CSIN,OPRT,GB,ACTIVE
CSJP,CSJP,OPRT,JP,ACTIVE
CSLB,CSLB,OPRT,GB,ACTIVE
CSLP,CRED,SGMT,US,EXPIRED
CSMD,CSMD,OPRT,ES,ACTIVE
CSOB,CSOB,OPRT,CZ,ACTIVE
CSOT,CSAG,SGMT,CH,ACTIVE
CSSI,CSIN,SGMT,GB,ACTIVE
CSSX,CSSX,OPRT,CN,ACTIVE
CSTO,XSTO,SGMT,SE,ACTIVE
CSVW,CRED,SGMT,US,ACTIVE
CSZH,CSZH,OPRT,CH,ACTIVE
CTCC,CTCC,OPRT,GB,ACTIVE
CTDD,CTDD,OPRT,GB,ACTIVE
CTS3,CTS3,OPRT,ZA,ACTIVE
CTSS,CTSS,OPRT,GB,ACTIVE
CTWO,XCBO,SGMT,US,EXPIRED
CULV,CULV,OPRT,US,ACTIVE
CURX,CURX,OPRT,US,ACTIVE
CXAB,CHIA,SGMT,AU,ACTIVE
CXAC,CHIA,SGMT,AU,ACTIVE
CXAE,CHIA,SGMT,AU,ACTIVE
CXAF,CHIA,SGMT,AU,ACTIVE
CXAI,CHIA,SGMT,AU,ACTIVE
CXAL,CHIA,SGMT,AU,ACTIVE
CXAM,CHIA,SGMT,AU,ACTIVE
CXAN,CHIA,SGMT,AU,ACTIVE
CXAP,CHIA,SGMT,AU,ACTIVE
CXAQ,CHIA,SGMT,AU,EXPIRED
CXAR,CHIA,SGMT,AU,ACTIVE
CXAV,CHIA,SGMT,AU,ACTIVE
CXAW,CHIA,SGMT,AU,ACTIVE
CXOT,CBLP,SGMT,GB,ACTIVE
CXRT,CBLP,SGMT,GB,ACTIVE
D2XC,D2XG,SGMT,NL,ACTIVE
D2XG,D2XG,OPRT,NL,ACTIVE
DAIW,DAIW,OPRT,GB,ACTIVE
DAMP,DAMP,OPRT,DK,EXPIRED
DAMS,XAMS,SGMT,NL,ACTIVE
DAPA,DAPA,OPRT,DE,ACTIVE
DASE,DASE,OPRT,CZ,ACTIVE
DASH,DASH,OPRT,US,ACTIVE
DASI,DASI,OPRT,DK,ACTIVE
DAUK,DAUK,OPRT,GB,ACTIVE
DAVY,DAVY,OPRT,IE,ACTIVE
DBAB,DBAB,OPRT,US,ACTIVE
DBAG,DBAG,OPRT,DE,EXPIRED
DBAO,DBOX,SGMT,DE,ACTIVE
DBCR,DBIX,SGMT,GB,EXPIRED
DBCX,DBIX,SGMT,GB,EXPIRED
DBDC,DBIX,SGMT,GB,EXPIRED
DBDX,DBDX,OPRT,DE,ACTIVE
DBES,DBAG,SGMT,DE,EXPIRED
DBHK,DBHK,OPRT,HK,ACTIVE
DBIX,DBIX,OPRT,GB,EXPIRED
DBLN,DBAG,SGMT,DE,EXPIRED
DBLX,DBLX,OPRT,LU,ACTIVE
DBMO,DBAG,SGMT,DE,EXPIRED
DBOX,DBOX,OPRT,DE,ACTIVE
DBRU,XBRU,SGMT,BE,ACTIVE
DBSE,DBIX,SGMT,GB,EXPIRED
DBSX,DBSX,OPRT,US,EXPIRED
DBVX,TRDE,SGMT,GB,EXPIRED
DBXT,DBXT,OPRT,FR,ACTIVE
DCAS,DCAS,OPRT,MA,ACTIVE
DCSE,XCSE,SGMT,DK,ACTIVE
DCSX,DCSX,OPRT,CW,ACTIVE
DDTX,DDTX,OPRT,IT,ACTIVE
DDUB,XDUB,SGMT,IE,ACTIVE
DEAL,DEAL,OPRT,US,ACTIVE
DEKA,DEKA,OPRT,DE,ACTIVE
DEXE,DEXE,OPRT,AE,ACTIVE
DGCX,DGCX,OPRT,AE,ACTIVE
DHEL,XHEL,SGMT,FI,ACTIVE
DHLX,DHLX,OPRT,LU,ACTIVE
DICE,XICE,SGMT,IS,ACTIVE
DIFX,DIFX,OPRT,AE,ACTIVE
DKED,XSTO,SGMT,SE,ACTIVE
DKFI,XSTO,SGMT,SE,ACTIVE
DKOB,XSTO,SGMT,SE,ACTIVE
DKTC,DKTC,OPRT,DK,ACTIVE
DKWB,XSTO,SGMT,SE,ACTIVE
DLIS,XLIS,SGMT,PT,ACTIVE
DMAD,BMEX,SGMT,ES,ACTIVE
DMIL,XMIL,SGMT,IT,ACTIVE
DNDK,XCSE,SGMT,DK,ACTIVE
DNFI,XHEL,SGMT,FI,ACTIVE
DNIS,XICE,SGMT,IS,ACTIVE
DNSE,XSTO,SGMT,SE,ACTIVE
DOSE,XSTO,SGMT,SE,ACTIVE
DOSL,XOSL,SGMT,NO,ACTIVE
DOTS,DOTS,OPRT,CH,ACTIVE
DOWE,DOWM,SGMT,ES,EXPIRED
DOWG,DOWG,OPRT,GB,ACTIVE
DOWM,DOWM,OPRT,ES,EXPIRED
DPAR,XPAR,SGMT,FR,ACTIVE
DRCT,DRCT,OPRT,JP,ACTIVE
DRSP,DRSP,OPRT,GB,ACTIVE
DSMD,DSMD,OPRT,QA,ACTIVE
DSME,XCSE,SGMT,DK,ACTIVE
DSTO,XSTO,SGMT,SE,ACTIVE
DUMX,DUMX,OPRT,AE,ACTIVE
DUSA,XDUS,SGMT,DE,ACTIVE
DUSB,XDUS,SGMT,DE,ACTIVE
DUSC,XDUS,SGMT,DE,ACTIVE
DUSD,XDUS,SGMT,DE,ACTIVE
DVFX,DVFX,OPRT,GB,ACTIVE
DWFI,DWFI,OPRT,US,ACTIVE
DWIN,DWIN,OPRT,US,ACTIVE
DWSF,TRWB,SGMT,US,ACTIVE
DZBK,DZBK,OPRT,DE,ACTIVE
EACM,XMTS,SGMT,GB,EXPIRED
EBHU,EBHU,OPRT,HU,ACTIVE
EBLX,XIGG,SGMT,DE,ACTIVE
EBMX,MTSO,SGMT,IT,ACTIVE
EBON,XSTO,SGMT,SE,ACTIVE
EBRA,XBRA,SGMT,SK,ACTIVE
EBSC,EBSS,SGMT,CH,ACTIVE
EBSD,EBSN,SGMT,NL,EXPIRED
EBSF,EBSN,SGMT,NL,ACTIVE
EBSI,EBSN,SGMT,NL,EXPIRED
EBSM,BTEE,SGMT,GB,EXPIRED
EBSN,EBSN,OPRT,NL,ACTIVE
EBSO,XEBS,SGMT,GB,ACTIVE
EBSS,EBSS,OPRT,CH,ACTIVE
EBSX,BTEE,SGMT,GB,EXPIRED
EBXV,LEVL,SGMT,US,ACTIVE
ECAG,ECAG,OPRT,DE,ACTIVE
ECAL,ECAL,OPRT,SG,ACTIVE
ECEU,ECEU,OPRT,NL,ACTIVE
ECGS,ECAG,SGMT,DE,ACTIVE
ECHO,ECHO,OPRT,GB,ACTIVE
ECNL,RTSL,SGMT,GB,ACTIVE
ECSL,ECSL,OPRT,GB,ACTIVE
ECXE,ECXE,OPRT,NL,EXPIRED
EDBT,XDUB,SGMT,IE,ACTIVE
EDDP,XCBO,SGMT,US,ACTIVE
EDGA,XCBO,SGMT,US,ACTIVE
EDGD,XCBO,SGMT,US,ACTIVE
EDGE,EDGE,OPRT,US,EXPIRED
EDGL,XDUB,SGMT,IE,ACTIVE
EDGO,XCBO,SGMT,US,ACTIVE
EDGX,XCBO,SGMT,US,ACTIVE
EDRF,EDRF,OPRT,FR,ACTIVE
EDXM,EDXM,OPRT,US,ACTIVE
EEAL,EEAL,OPRT,SG,ACTIVE
EESE,EESE,OPRT,UA,ACTIVE
EESX,EESX,OPRT,ZA,ACTIVE
EFTP,EFTP,OPRT,DE,EXPIRED
EGMT,EGMT,OPRT,US,ACTIVE
EGSI,EGSI,OPRT,AT,ACTIVE
EIXE,AQXE,SGMT,GB,ACTIVE
ELEU,NORX,SGMT,NO,ACTIVE
ELIX,TRDE,SGMT,GB,ACTIVE
ELNO,NORX,SGMT,NO,ACTIVE
ELSE,NORX,SGMT,NO,ACTIVE
ELUK,NORX,SGMT,NO,ACTIVE
ELXE,ELXE,OPRT,FR,ACTIVE
EM3S,XLUX,SGMT,LU,ACTIVE
EMBX,EMBX,OPRT,GB,ACTIVE
EMCE,XBRM,SGMT,RO,ACTIVE
EMCH,TRDE,SGMT,GB,EXPIRED
EMDR,EMID,SGMT,IT,EXPIRED
EMIB,EMID,SGMT,IT,EXPIRED
EMID,EMID,OPRT,IT,EXPIRED
EMIR,EMID,SGMT,IT,EXPIRED
EMLD,MIHI,SGMT,US,ACTIVE
EMTF,XLUX,SGMT,LU,ACTIVE
EMTS,XMTS,SGMT,GB,EXPIRED
ENAX,ASEX,SGMT,GR,ACTIVE
ENCL,ENCL,OPRT,GB,ACTIVE
ENMS,ENMS,OPRT,SG,ACTIVE
ENSL,ESLO,SGMT,FR,ACTIVE
ENSX,SEBS,SGMT,SE,EXPIRED
ENSY,XLDN,SGMT,GB,EXPIRED
ENTW,XIGG,SGMT,DE,ACTIVE
ENXB,XBRU,SGMT,BE,EXPIRED
ENXL,XLIS,SGMT,PT,ACTIVE
EOTC,EOTC,OPRT,HK,ACTIVE
EPEX,EPEX,OPRT,FR,ACTIVE
EPRD,MIHI,SGMT,US,ACTIVE
EPRL,MIHI,SGMT,US,ACTIVE
EQCA,EQCA,OPRT,CA,ACTIVE
EQIE,EQIE,OPRT,IE,ACTIVE
EQLD,EQLD,OPRT,GB,ACTIVE
EQOC,EQOS,SGMT,SG,ACTIVE
EQOD,EQOS,SGMT,SG,ACTIVE
EQOS,EQOS,OPRT,SG,ACTIVE
EQSE,EQIE,SGMT,IE,ACTIVE
EQSL,EQLD,SGMT,GB,ACTIVE
EQTA,XBER,SGMT,DE,ACTIVE
EQTB,XBER,SGMT,DE,ACTIVE
EQTC,XBER,SGMT,DE,ACTIVE
EQTD,XBER,SGMT,DE,ACTIVE
EQUS,EQUS,OPRT,US,ACTIVE
EQWB,XBRN,SGMT,CH,EXPIRED
ERBX,ERBX,OPRT,GR,ACTIVE
ERFQ,XIGG,SGMT,DE,ACTIVE
ERIS,ERIS,OPRT,US,EXPIRED
ERST,ERST,OPRT,HU,ACTIVE
ESLO,ESLO,OPRT,FR,ACTIVE
ESPD,XNAS,SGMT,US,EXPIRED
ESTO,XSTO,SGMT,SE,ACTIVE
ETFP,XMIL,SGMT,IT,ACTIVE
ETLX,XMIL,SGMT,IT,ACTIVE
ETOR,ETOR,OPRT,CY,ACTIVE
ETPA,ETPA,OPRT,NL,ACTIVE
ETSC,ETSC,OPRT,KZ,ACTIVE
EUAX,ASEX,SGMT,GR,EXPIRED
EUCC,EUCC,OPRT,IE,ACTIVE
EUCH,EUCH,OPRT,CH,EXPIRED
EUFN,EUFN,OPRT,BG,ACTIVE
EUOB,XSTO,SGMT,SE,ACTIVE
EURM,EUCH,SGMT,CH,EXPIRED
EUSC,EUCH,SGMT,CH,EXPIRED
EUSP,EUCH,SGMT,CH,EXPIRED
EUWA,EUWA,OPRT,DE,ACTIVE
EUWB,XSTO,SGMT,SE,ACTIVE
EUWX,XSTU,SGMT,DE,ACTIVE
EVOL,EVOL,OPRT,GB,ACTIVE
EWRM,TMEX,SGMT,TR,ACTIVE
EWSM,EWSM,OPRT,MT,EXPIRED
EXAA,XWBO,SGMT,AT,ACTIVE
EXBO,EXEU,SGMT,GB,ACTIVE
EXCP,EXEU,SGMT,GB,ACTIVE
EXDC,EXEU,SGMT,GB,ACTIVE
EXEU,EXEU,OPRT,GB,ACTIVE
EXGM,XMIL,SGMT,IT,ACTIVE
EXIX,EXIX,OPRT,US,ACTIVE
EXLP,EXEU,SGMT,GB,ACTIVE
EXMP,EXEU,SGMT,GB,ACTIVE
EXOR,EXEU,SGMT,GB,ACTIVE
EXOT,EXOT,OPRT,GB,ACTIVE
EXPA,MTAA,SGMT,IT,EXPIRED
EXPM,OTCM,SGMT,US,ACTIVE
EXSB,EXSY,SGMT,FR,EXPIRED
EXSD,EXSY,SGMT,FR,EXPIRED
EXSE,EXSE,OPRT,FR,ACTIVE
EXSF,EXSY,SGMT,FR,EXPIRED
EXSH,EXSY,SGMT,FR,EXPIRED
EXSI,EXEU,SGMT,GB,ACTIVE
EXSP,EXSY,SGMT,FR,EXPIRED
EXSY,EXSY,OPRT,FR,EXPIRED
EXTR,EXTR,OPRT,TR,ACTIVE
EXVP,EXEU,SGMT,GB,ACTIVE
EXYY,EXSY,SGMT,FR,EXPIRED
FAIR,FAIR,OPRT,GB,ACTIVE
FAST,FAST,OPRT,US,ACTIVE
FBSI,FBSI,OPRT,IT,ACTIVE
FCBT,XCBT,SGMT,US,ACTIVE
FCME,XCME,SGMT,US,ACTIVE
FGEX,FGEX,OPRT,FI,ACTIVE
FGML,FGML,OPRT,AE,ACTIVE
FGMP,FGML,SGMT,AE,ACTIVE
FICO,FICO,OPRT,US,ACTIVE
FICX,FICX,OPRT,DE,ACTIVE
FIED,XSTO,SGMT,SE,ACTIVE
FINC,FINR,SGMT,US,ACTIVE
FINN,FINR,SGMT,US,ACTIVE
FINO,FINR,SGMT,US,ACTIVE
FINR,FINR,OPRT,US,ACTIVE
FINY,FINR,SGMT,US,ACTIVE
FISH,FISH,OPRT,NO,ACTIVE
FISU,FISU,OPRT,GB,ACTIVE
FLTB,FLWX,SGMT,NL,ACTIVE
FLTR,FLWX,SGMT,NL,ACTIVE
FLWX,FLWX,OPRT,NL,ACTIVE
FMTS,FMTS,OPRT,FR,ACTIVE
FMXS,FMXS,OPRT,SG,ACTIVE
FMXX,FMXX,OPRT,US,ACTIVE
FNCS,BGCF,SGMT,US,ACTIVE
FNDF,FNDF,OPRT,SG,ACTIVE
FNDK,XCSE,SGMT,DK,ACTIVE
FNDS,INFT,SGMT,NO,ACTIVE
FNEE,XTAL,SGMT,EE,ACTIVE
FNFI,XHEL,SGMT,FI,ACTIVE
FNFT,BGCF,SGMT,US,ACTIVE
FNFX,BGCF,SGMT,US,ACTIVE
FNIS,XICE,SGMT,IS,ACTIVE
FNIX,GFAM,SGMT,US,ACTIVE
FNLT,XLIT,SGMT,LT,ACTIVE
FNLV,XRIS,SGMT,LV,ACTIVE
FNSE,XSTO,SGMT,SE,ACTIVE
FNUK,FNUK,OPRT,GB,ACTIVE
FNXB,BGCF,SGMT,US,ACTIVE
FPWB,FPWB,OPRT,AT,ACTIVE
FRAA,XFRA,SGMT,DE,ACTIVE
FRAB,XFRA,SGMT,DE,ACTIVE
FRAD,XFRA,SGMT,DE,EXPIRED
FRAS,XFRA,SGMT,DE,ACTIVE
FRAU,XFRA,SGMT,DE,ACTIVE
FRAV,XFRA,SGMT,DE,ACTIVE
FRAW,XFRA,SGMT,DE,ACTIVE
FREI,NORX,SGMT,NO,EXPIRED
FREX,FREX,OPRT,US,ACTIVE
FRRF,FRRF,OPRT,BE,EXPIRED
FRTE,FRTE,OPRT,GB,ACTIVE
FSEF,FSEF,OPRT,US,ACTIVE
FSHX,FSHX,OPRT,NO,ACTIVE
FSME,XHEL,SGMT,FI,ACTIVE
FTFM,FTFS,SGMT,CZ,ACTIVE
FTFS,FTFS,OPRT,CZ,ACTIVE
FTRM,TMEX,SGMT,TR,ACTIVE
FTUS,FTUS,OPRT,US,ACTIVE
FUSD,LEDG,SGMT,US,EXPIRED
FXAL,FXAL,OPRT,US,ACTIVE
FXCL,CDSL,SGMT,IN,ACTIVE
FXCM,FXCM,OPRT,US,ACTIVE
FXFM,RMTF,SGMT,IE,ACTIVE
FXGB,FXGB,OPRT,GB,ACTIVE
FXMT,FXMT,OPRT,GB,EXPIRED
FXNM,THRE,SGMT,US,ACTIVE
FXOP,FXOP,OPRT,GB,ACTIVE
FXPS,THRE,SGMT,US,ACTIVE
FXRQ,RMTF,SGMT,IE,ACTIVE
FXRS,RMTF,SGMT,IE,ACTIVE
FXSM,RTSP,SGMT,SG,ACTIVE
FXSW,CDSL,SGMT,IN,ACTIVE
G1XX,G1XX,OPRT,US,ACTIVE
G360,G360,OPRT,GB,ACTIVE
GARA,GARA,OPRT,CZ,ACTIVE
GATE,GATE,OPRT,MT,ACTIVE
GBOB,XSTO,SGMT,SE,ACTIVE
GBOT,GBOT,OPRT,MU,ACTIVE
GBSI,GBSI,OPRT,IE,ACTIVE
GBUL,XBUL,SGMT,BG,ACTIVE
GBWB,XSTO,SGMT,SE,ACTIVE
GEMX,GEMX,OPRT,GB,ACTIVE
GETB,GETB,OPRT,LT,ACTIVE
GFAM,GFAM,OPRT,US,ACTIVE
GFAU,GFAU,OPRT,AU,ACTIVE
GFBM,GFIB,SGMT,GB,ACTIVE
GFBO,GFIB,SGMT,GB,ACTIVE
GFEX,GFEX,OPRT,CN,ACTIVE
GFIA,GFIA,OPRT,GB,EXPIRED
GFIB,GFIB,OPRT,GB,ACTIVE
GFIC,GFIC,OPRT,GB,ACTIVE
GFIF,GFIC,SGMT,GB,ACTIVE
GFIM,GFIC,SGMT,GB,EXPIRED
GFIN,GFIC,SGMT,GB,ACTIVE
GFIR,GFIC,SGMT,GB,ACTIVE
GFKS,GFKS,OPRT,SE,ACTIVE
GFOX,GFOX,OPRT,GB,ACTIVE
GFPO,AURB,SGMT,FR,ACTIVE
GFSG,GFSG,OPRT,SG,ACTIVE
GFSM,GFIC,SGMT,GB,ACTIVE
GFSO,GFIC,SGMT,GB,ACTIVE
GIPB,GIPB,OPRT,FR,ACTIVE
GLBX,EBSS,SGMT,CH,ACTIVE
GLLC,GLLC,OPRT,US,ACTIVE
GLMX,GLMX,OPRT,US,ACTIVE
GLOM,GLOM,OPRT,AE,ACTIVE
GLPS,GLPS,OPRT,US,ACTIVE
GLPX,GLPX,OPRT,US,ACTIVE
GMBG,MBUL,SGMT,BG,ACTIVE
GMEG,GMEG,OPRT,GB,ACTIVE
GMEO,GMES,SGMT,FR,ACTIVE
GMES,GMES,OPRT,FR,ACTIVE
GMEX,GMEX,OPRT,DE,EXPIRED
GMGD,GMGD,OPRT,AE,ACTIVE
GMGE,GMGE,OPRT,NL,ACTIVE
GMGL,GMGL,OPRT,GB,ACTIVE
GMNI,XISX,SGMT,US,ACTIVE
GMTF,GMTF,OPRT,FR,ACTIVE
GMTS,XMTS,SGMT,GB,EXPIRED
GOTC,GOTC,OPRT,US,ACTIVE
GOVX,GOVX,OPRT,US,ACTIVE
GPBC,GPBC,OPRT,CY,ACTIVE
GREE,GREE,OPRT,US,ACTIVE
GRIF,GRIF,OPRT,GB,ACTIVE
GRIO,GRIF,SGMT,GB,ACTIVE
GROW,BMEX,SGMT,ES,ACTIVE
GRSE,GRSE,OPRT,GB,ACTIVE
GSAL,GSAL,OPRT,HK,ACTIVE
GSBE,GSBE,OPRT,DE,ACTIVE
GSBS,GSEF,SGMT,US,ACTIVE
GSBX,GSIL,SGMT,GB,EXPIRED
GSCI,GSCI,OPRT,GY,ACTIVE
GSCO,GSCO,OPRT,US,ACTIVE
GSEF,GSEF,OPRT,US,ACTIVE
GSEI,GSBE,SGMT,DE,ACTIVE
GSIB,GSIB,OPRT,GB,ACTIVE
GSIL,GSIL,OPRT,GB,ACTIVE
GSLO,GSLO,OPRT,GB,ACTIVE
GSPL,GSAL,SGMT,HK,ACTIVE
GSPX,GIPB,SGMT,FR,EXPIRED
GSSI,GSIL,SGMT,GB,ACTIVE
GSXC,GSXC,OPRT,CN,ACTIVE
GSXH,GSAL,SGMT,HK,ACTIVE
GSXK,GSXK,OPRT,KR,ACTIVE
GSXL,GSXL,OPRT,GI,ACTIVE
GSXM,GSAL,SGMT,HK,ACTIVE
GSXN,GSXN,OPRT,HK,ACTIVE
GSXT,GSXT,OPRT,TW,ACTIVE
GTCO,GTCO,OPRT,US,ACTIVE
GTSM,GTSM,OPRT,US,ACTIVE
GTSX,GTSX,OPRT,US,ACTIVE
GTXE,GTXE,OPRT,BM,ACTIVE
GTXS,GTXS,OPRT,US,EXPIRED
GXGF,GXGR,SGMT,DK,EXPIRED
GXGM,GXGR,SGMT,DK,EXPIRED
GXGR,GXGR,OPRT,DK,EXPIRED
GXIL,GXIL,OPRT,JP,ACTIVE
GXMA,GXMA,OPRT,VU,ACTIVE
HAMA,XHAM,SGMT,DE,ACTIVE
HAMB,XHAM,SGMT,DE,ACTIVE
HAML,XHAM,SGMT,DE,EXPIRED
HAMM,XHAM,SGMT,DE,ACTIVE
HAMN,XHAM,SGMT,DE,ACTIVE
HAMO,XHAM,SGMT,DE,ACTIVE
HAMP,XHAM,SGMT,DE,ACTIVE
HAMQ,XHAM,SGMT,DE,ACTIVE
HANA,XHAN,SGMT,DE,ACTIVE
HANB,XHAN,SGMT,DE,ACTIVE
HANC,XHAN,SGMT,DE,ACTIVE
HAND,XHAN,SGMT,DE,ACTIVE
HANE,XHAN,SGMT,DE,ACTIVE
HBFR,HBFR,OPRT,FR,ACTIVE
HBPL,HBPL,OPRT,PL,ACTIVE
HCER,HMTF,SGMT,IT,ACTIVE
HCHC,HCHC,OPRT,NL,ACTIVE
HDAT,HDAT,OPRT,GR,ACTIVE
HEDE,HEMO,SGMT,GR,ACTIVE
HEGX,HEGX,OPRT,US,ACTIVE
HELA,HELA,OPRT,DE,ACTIVE
HEMO,HEMO,OPRT,GR,ACTIVE
HESP,HEMO,SGMT,GR,ACTIVE
HGSP,HEMO,SGMT,GR,ACTIVE
HKME,HKME,OPRT,HK,EXPIRED
HMOD,HMTF,SGMT,IT,ACTIVE
HMTF,HMTF,OPRT,IT,ACTIVE
HOTC,ASEX,SGMT,GR,EXPIRED
HPCO,HPCX,SGMT,FR,ACTIVE
HPCS,HPCX,SGMT,FR,ACTIVE
HPCV,HPCX,SGMT,FR,ACTIVE
HPCX,HPCX,OPRT,FR,ACTIVE
HPPO,HPPO,OPRT,US,ACTIVE
HPSO,HPSX,SGMT,GB,ACTIVE
HPSX,HPSX,OPRT,GB,ACTIVE
HREU,HREU,OPRT,IE,ACTIVE
HRFQ,HMTF,SGMT,IT,ACTIVE
HRSI,HRSI,OPRT,GB,ACTIVE
HRTF,HRTF,OPRT,US,ACTIVE
HRTX,HRTX,OPRT,US,ACTIVE
HSBC,HSBC,OPRT,GB,ACTIVE
HSBT,HSBT,OPRT,DE,ACTIVE
HSFX,HSFX,OPRT,US,ACTIVE
HSTC,HSTC,OPRT,VN,ACTIVE
HSXA,HSXA,OPRT,HK,ACTIVE
HSXE,HSXE,OPRT,GB,EXPIRED
HUDX,HUDX,OPRT,HU,EXPIRED
HUNG,XMTS,SGMT,GB,EXPIRED
HUPX,HUPX,OPRT,HU,ACTIVE
HWHE,HWHE,OPRT,NO,ACTIVE
IATS,IBKR,SGMT,US,ACTIVE
IBAL,IBAL,OPRT,GB,ACTIVE
IBCO,IBCO,OPRT,US,ACTIVE
IBEQ,IBIS,SGMT,IT,ACTIVE
IBER,IBER,OPRT,ES,ACTIVE
IBEX,IBEX,OPRT,BG,ACTIVE
IBGH,IBGH,OPRT,ES,ACTIVE
IBIS,IBIS,OPRT,IT,ACTIVE
IBKR,IBKR,OPRT,US,ACTIVE
IBLX,XINS,SGMT,US,EXPIRED
IBSC,IBSC,OPRT,US,ACTIVE
IBSI,IBSI,OPRT,IE,ACTIVE
IBUL,XBUL,SGMT,BG,ACTIVE
ICAH,ICAP,SGMT,GB,EXPIRED
ICAP,ICAP,OPRT,GB,EXPIRED
ICAS,ICAS,OPRT,NO,EXPIRED
ICAT,ICAH,SGMT,GB,EXPIRED
ICBX,XINS,SGMT,US,ACTIVE
ICDX,ICDX,OPRT,ID,ACTIVE
ICEL,ICEL,OPRT,US,EXPIRED
ICEN,ICAP,SGMT,GB,EXPIRED
ICEO,ICEO,OPRT,GB,EXPIRED
ICES,ICES,OPRT,US,ACTIVE
ICEU,ICEU,OPRT,GB,EXPIRED
ICHK,NMRJ,SGMT,JP,ACTIVE
ICKR,NMRJ,SGMT,JP,ACTIVE
ICOD,ICOT,SGMT,FR,ACTIVE
ICOR,ICOT,SGMT,FR,ACTIVE
ICOT,ICOT,OPRT,FR,ACTIVE
ICPM,ICPM,OPRT,GB,ACTIVE
ICPS,ICPS,OPRT,SG,ACTIVE
ICRO,XINS,SGMT,US,ACTIVE
ICSE,ICAP,SGMT,GB,EXPIRED
ICSH,NMRJ,SGMT,JP,ACTIVE
ICSU,BTEC,SGMT,US,EXPIRED
ICSZ,NMRJ,SGMT,JP,ACTIVE
ICTQ,ICAP,SGMT,GB,EXPIRED
ICTW,NMRJ,SGMT,JP,ACTIVE
ICUR,ICUR,OPRT,IE,EXPIRED
ICUS,ICUS,OPRT,US,EXPIRED
ICXL,ICXL,OPRT,IN,EXPIRED
ICXR,ICUR,SGMT,IE,EXPIRED
IDXM,IDXM,OPRT,US,ACTIVE
IEBS,EBSN,SGMT,NL,ACTIVE
IECE,ICEO,SGMT,GB,EXPIRED
IECL,TPEO,SGMT,GB,ACTIVE
IENG,IENG,OPRT,PL,EXPIRED
IEOS,IBKR,SGMT,US,ACTIVE
IEPA,IFUS,SGMT,US,ACTIVE
IEXA,IEXA,OPRT,US,ACTIVE
IEXC,IEXG,SGMT,US,ACTIVE
IEXD,IEXG,SGMT,US,ACTIVE
IEXG,IEXG,OPRT,US,ACTIVE
IEXO,IEXG,SGMT,US,ACTIVE
IFAD,IFAD,OPRT,AE,ACTIVE
IFBX,IFBX,OPRT,IR,ACTIVE
IFCA,IFCA,OPRT,CA,EXPIRED
IFED,IFUS,SGMT,US,ACTIVE
IFEN,IFEU,SGMT,GB,ACTIVE
IFEU,IFEU,OPRT,GB,ACTIVE
IFFX,INFT,SGMT,NO,ACTIVE
IFLL,IFEU,SGMT,GB,ACTIVE
IFLO,IFEU,SGMT,GB,ACTIVE
IFLS,IFLS,OPRT,GB,ACTIVE
IFLX,IFEU,SGMT,GB,ACTIVE
IFSG,IFSG,OPRT,SG,ACTIVE
IFSM,XMAL,SGMT,MT,ACTIVE
IFUS,IFUS,OPRT,US,ACTIVE
IFUT,IFEU,SGMT,GB,ACTIVE
IFXA,IFXC,SGMT,IE,EXPIRED
IFXC,IFXC,OPRT,IE,EXPIRED
IFXR,IFXC,SGMT,IE,EXPIRED
IGDL,IGDL,OPRT,GB,ACTIVE
IIDX,XINS,SGMT,US,EXPIRED
IINX,IINX,OPRT,IN,ACTIVE
IKBS,IKBS,OPRT,DE,ACTIVE
ILCM,IOTF,SGMT,GB,ACTIVE
IMAG,IFUS,SGMT,US,ACTIVE
IMBD,IFUS,SGMT,US,ACTIVE
IMCC,IBSC,SGMT,US,ACTIVE
IMCD,ICPM,SGMT,GB,EXPIRED
IMCE,ICPM,SGMT,GB,ACTIVE
IMCG,IFUS,SGMT,US,ACTIVE
IMCM,ICPM,SGMT,GB,EXPIRED
IMCO,NDEX,SGMT,NL,ACTIVE
IMCR,IFUS,SGMT,US,ACTIVE
IMCS,IMCS,OPRT,US,ACTIVE
IMCT,IMCT,OPRT,NL,ACTIVE
IMED,ICPM,SGMT,GB,ACTIVE
IMEN,IFUS,SGMT,US,ACTIVE
IMEQ,NDEX,SGMT,NL,ACTIVE
IMET,ICPM,SGMT,GB,ACTIVE
IMEX,IMEX,OPRT,IR,ACTIVE
IMFD,ICPM,SGMT,GB,ACTIVE
IMFX,IFUS,SGMT,US,ACTIVE
IMGB,ICPM,SGMT,GB,ACTIVE
IMGI,ICPM,SGMT,GB,ACTIVE
IMIR,IFUS,SGMT,US,ACTIVE
IMMH,IMMH,OPRT,IT,ACTIVE
IMMM,ICPM,SGMT,GB,ACTIVE
IMRD,ICPM,SGMT,GB,ACTIVE
IMSB,ICPM,SGMT,GB,ACTIVE
IMTF,IMTF,OPRT,GB,ACTIVE
IMTS,XMTS,SGMT,GB,EXPIRED
INCA,XINS,SGMT,US,ACTIVE
INCR,INCR,OPRT,US,ACTIVE
INFT,INFT,OPRT,NO,ACTIVE
INGB,INGB,OPRT,NL,ACTIVE
INGE,INGB,SGMT,NL,ACTIVE
INGF,INGB,SGMT,NL,EXPIRED
INGS,INGB,SGMT,NL,ACTIVE
INGU,INGU,OPRT,GB,ACTIVE
INGW,INGW,OPRT,PL,ACTIVE
INSE,XNSE,SGMT,IN,ACTIVE
INSR,INCR,SGMT,US,ACTIVE
INTL,INTL,OPRT,US,ACTIVE
INVE,INVE,OPRT,GB,ACTIVE
IOCD,IOTF,SGMT,GB,ACTIVE
IOED,IOTF,SGMT,GB,ACTIVE
IOFB,IOTF,SGMT,GB,EXPIRED
IOFI,IOTF,SGMT,GB,ACTIVE
IOFX,IOTF,SGMT,GB,ACTIVE
IOGB,IOTF,SGMT,GB,ACTIVE
IOGI,IOTF,SGMT,GB,ACTIVE
IOIR,IOTF,SGMT,GB,ACTIVE
IOMM,IOTF,SGMT,GB,ACTIVE
IOTC,XIEL,SGMT,GB,ACTIVE
IOTF,IOTF,OPRT,GB,ACTIVE
IPNL,IPNL,OPRT,NL,EXPIRED
IPSX,IPSX,OPRT,GB,EXPIRED
IPXP,IPSX,SGMT,GB,EXPIRED
IPXW,IPSX,SGMT,GB,EXPIRED
ISBA,ISBA,OPRT,IT,ACTIVE
ISBV,ISBV,OPRT,IT,EXPIRED
ISDA,ISDA,OPRT,US,ACTIVE
ISDX,ICAP,SGMT,GB,EXPIRED
ISEC,XICE,SGMT,IS,EXPIRED
ISEX,ISEX,OPRT,IN,ACTIVE
ISSI,ISSI,OPRT,GB,ACTIVE
ISWA,ISWA,OPRT,GB,ACTIVE
ISWB,ISWA,SGMT,GB,ACTIVE
ISWC,ISWA,SGMT,GB,ACTIVE
ISWE,IGDL,SGMT,GB,ACTIVE
ISWN,ISWP,SGMT,NL,ACTIVE
ISWO,ISWP,SGMT,NL,ACTIVE
ISWP,ISWP,OPRT,NL,ACTIVE
ISWQ,ISWP,SGMT,NL,ACTIVE
ISWR,ISWA,SGMT,GB,ACTIVE
ISWT,ISWP,SGMT,NL,ACTIVE
ISWV,IGDL,SGMT,GB,ACTIVE
ITGI,ITGI,OPRT,US,ACTIVE
ITGL,ITGL,OPRT,IE,ACTIVE
ITSL,ITSL,OPRT,KZ,ACTIVE
ITSM,ITSM,OPRT,IT,EXPIRED
IUOB,IOTF,SGMT,GB,ACTIVE
IVCM,IOTF,SGMT,GB,ACTIVE
IVWP,INCR,SGMT,US,ACTIVE
IVZX,IVZX,OPRT,CA,ACTIVE
IXSP,IXSP,OPRT,RU,EXPIRED
JADX,JADX,OPRT,SG,ACTIVE
JASR,XIJP,SGMT,JP,EXPIRED
JATA,JATA,OPRT,JP,EXPIRED
JBSI,JBSI,OPRT,DK,ACTIVE
JBUL,XBUL,SGMT,BG,ACTIVE
JEFA,JEFA,OPRT,JP,ACTIVE
JEFB,INCR,SGMT,US,ACTIVE
JEFE,JEFE,OPRT,DE,ACTIVE
JEFS,JISI,SGMT,GB,ACTIVE
JEFX,JEFX,OPRT,US,EXPIRED
JESI,JEFE,SGMT,DE,ACTIVE
JISI,JISI,OPRT,GB,ACTIVE
JLEQ,JLQD,SGMT,US,ACTIVE
JLEU,JLEU,OPRT,NL,ACTIVE
JLQD,JLQD,OPRT,US,ACTIVE
JLSI,JLSI,OPRT,GB,EXPIRED
JNSI,JNSI,OPRT,NL,ACTIVE
JNST,JNST,OPRT,US,ACTIVE
JPBX,JPBX,OPRT,US,ACTIVE
JPCB,JPCB,OPRT,GB,ACTIVE
JPEU,JPEU,OPRT,DE,ACTIVE
JPJX,JPJX,OPRT,GB,ACTIVE
JPMI,JPMI,OPRT,HK,ACTIVE
JPMS,JPMS,OPRT,US,ACTIVE
JPMX,JPMX,OPRT,US,ACTIVE
JPPM,JPJX,SGMT,GB,ACTIVE
JPSI,JPSI,OPRT,GB,ACTIVE
JSEB,XJSE,SGMT,ZA,ACTIVE
JSEF,JSEF,OPRT,US,EXPIRED
JSER,XJSE,SGMT,ZA,ACTIVE
JSES,JSES,OPRT,US,ACTIVE
JSJX,JSJX,OPRT,US,ACTIVE
JSSI,JSSI,OPRT,GB,ACTIVE
JYSI,JYSI,OPRT,DK,ACTIVE
KABU,KABU,OPRT,JP,EXPIRED
KAIX,CHIJ,SGMT,JP,ACTIVE
KASH,DOWG,SGMT,GB,ACTIVE
KBCB,KBCB,OPRT,BE,ACTIVE
KBLC,KBLL,SGMT,LU,ACTIVE
KBLL,KBLL,OPRT,LU,ACTIVE
KBLM,KBLM,OPRT,GB,ACTIVE
KBLS,KBLL,SGMT,LU,ACTIVE
KBLT,KBLL,SGMT,LU,ACTIVE
KCCP,KCCP,OPRT,HU,ACTIVE
KDPW,KDPW,OPRT,PL,EXPIRED
KELR,KELR,OPRT,HU,ACTIVE
KHHU,KHHU,OPRT,HU,ACTIVE
KLEU,KLEU,OPRT,GB,ACTIVE
KLSH,KLSH,OPRT,US,ACTIVE
KMTS,KMTS,OPRT,GB,EXPIRED
KMUX,ZKBX,SGMT,CH,ACTIVE
KNCM,KNIG,SGMT,US,ACTIVE
KNEM,KNIG,SGMT,US,ACTIVE
KNIG,KNIG,OPRT,US,ACTIVE
KNLI,KNIG,SGMT,US,ACTIVE
KNMX,KNIG,SGMT,US,EXPIRED
KOCN,KOCN,OPRT,KR,EXPIRED
KOME,KOME,OPRT,CZ,ACTIVE
KOTF,KOTF,OPRT,FR,EXPIRED
KRDE,KRDE,OPRT,US,ACTIVE
KRME,KRME,OPRT,AE,ACTIVE
LAFD,LAVA,SGMT,US,EXPIRED
LAFL,LAVA,SGMT,US,EXPIRED
LAFX,LAVA,SGMT,US,EXPIRED
LAKE,RBCS,SGMT,US,ACTIVE
LAKX,LAKX,OPRT,US,ACTIVE
LAMP,LAMP,OPRT,US,ACTIVE
LASF,LASF,OPRT,US,ACTIVE
LASP,LASP,OPRT,DK,ACTIVE
LATG,GFAM,SGMT,US,ACTIVE
LAVA,LAVA,OPRT,US,EXPIRED
LBBW,LBBW,OPRT,DE,ACTIVE
LBCM,LBCM,OPRT,GB,ACTIVE
LBCW,LBCW,OPRT,DE,ACTIVE
LBUL,XBUL,SGMT,BG,ACTIVE
LBWL,LBBW,SGMT,DE,ACTIVE
LBWS,LBBW,SGMT,DE,ACTIVE
LCHC,LCHC,OPRT,FR,ACTIVE
LCUR,XCUR,SGMT,US,ACTIVE
LCXE,LCXE,OPRT,LI,ACTIVE
LEBV,LEBV,OPRT,NL,ACTIVE
LEDG,LEDG,OPRT,US,EXPIRED
LELE,LELE,OPRT,GB,ACTIVE
LESI,LESI,OPRT,US,ACTIVE
LEUE,LEUE,OPRT,IE,EXPIRED
LEUF,LEUE,SGMT,IE,EXPIRED
LEVL,LEVL,OPRT,US,ACTIVE
LICA,LICA,OPRT,CA,ACTIVE
LIDR,LIDR,OPRT,ID,ACTIVE
LIFI,LIUS,SGMT,US,ACTIVE
LIGA,LIGA,OPRT,DE,ACTIVE
LINX,LINX,OPRT,LI,ACTIVE
LIQF,ICPM,SGMT,GB,ACTIVE
LIQH,LIQU,SGMT,GB,EXPIRED
LIQU,ICPM,SGMT,GB,ACTIVE
LISE,LISE,OPRT,FR,ACTIVE
LISX,BCXE,SGMT,GB,ACTIVE
LISZ,CCXE,SGMT,NL,ACTIVE
LIUH,LIUS,SGMT,US,ACTIVE
LIUS,LIUS,OPRT,US,ACTIVE
LLAT,LLAT,OPRT,AT,ACTIVE
LMAD,LMAX,SGMT,GB,ACTIVE
LMAE,LMAX,SGMT,GB,ACTIVE
LMAF,LMAX,SGMT,GB,ACTIVE
LMAO,LMAX,SGMT,GB,ACTIVE
LMAS,LMAS,OPRT,SG,ACTIVE
LMAX,LMAX,OPRT,GB,ACTIVE
LMEC,LMEC,OPRT,GB,ACTIVE
LMNR,LMNR,OPRT,EE,ACTIVE
LMNX,LTAA,SGMT,US,ACTIVE
LMTS,XMTS,SGMT,GB,EXPIRED
LNEQ,TPIC,SGMT,FR,ACTIVE
LNFI,TPIC,SGMT,FR,ACTIVE
LOOP,LOOP,OPRT,GB,ACTIVE
LOTC,LOTC,OPRT,GB,ACTIVE
LOUI,LOUI,OPRT,GB,EXPIRED
LOYD,LOYD,OPRT,GB,ACTIVE
LPPM,LPPM,OPRT,GB,ACTIVE
LPSF,LPSF,OPRT,US,ACTIVE
LQED,LQED,OPRT,US,ACTIVE
LQFI,CGMI,SGMT,US,EXPIRED
LSSI,LSSI,OPRT,DE,ACTIVE
LTAA,LTAA,OPRT,US,ACTIVE
LTSE,LTSE,OPRT,US,ACTIVE
LXJP,LXJP,OPRT,JP,ACTIVE
LYNX,OMGA,SGMT,CA,ACTIVE
M2AE,M2AE,OPRT,AE,ACTIVE
MABX,BMEX,SGMT,ES,ACTIVE
MACB,MAQX,SGMT,AU,ACTIVE
MACX,XMIL,SGMT,IT,EXPIRED
MAEL,MAEL,OPRT,GB,ACTIVE
MAGM,MAGM,OPRT,US,EXPIRED
MAKX,MAKX,OPRT,GB,ACTIVE
MALM,MASG,SGMT,SG,EXPIRED
MALX,MALX,OPRT,MV,ACTIVE
MANL,MANL,OPRT,NL,ACTIVE
MAQE,MAQE,OPRT,IE,ACTIVE
MAQH,MAQH,OPRT,HK,ACTIVE
MAQI,MAQI,OPRT,GB,ACTIVE
MAQJ,MAQJ,OPRT,JP,ACTIVE
MAQL,MAQL,OPRT,GB,ACTIVE
MAQU,MAQU,OPRT,GB,ACTIVE
MAQX,MAQX,OPRT,AU,ACTIVE
MARF,BMEX,SGMT,ES,ACTIVE
MASG,MASG,OPRT,SG,ACTIVE
MATN,NEOE,SGMT,CA,ACTIVE
MATX,MATX,OPRT,AE,ACTIVE
MAXD,MAXD,OPRT,GB,ACTIVE
MBCP,MBCP,OPRT,PT,EXPIRED
MBPL,MBPL,OPRT,PL,ACTIVE
MBSI,MSBI,SGMT,GB,ACTIVE
MBUL,MBUL,OPRT,BG,ACTIVE
MCAD,MTSO,SGMT,IT,ACTIVE
MCID,MCID,OPRT,IE,ACTIVE
MCRY,XISX,SGMT,US,ACTIVE
MCSE,XCSE,SGMT,DK,ACTIVE
MCUR,MCUR,OPRT,GB,EXPIRED
MCXR,MCUR,SGMT,GB,EXPIRED
MCXS,MCUR,SGMT,GB,EXPIRED
MCXX,MCXX,OPRT,IN,ACTIVE
MCZK,XMTS,SGMT,GB,EXPIRED
MDIP,MDIP,OPRT,PT,EXPIRED
MDRV,MIBG,SGMT,ES,ACTIVE
MEAU,MEAU,OPRT,AU,EXPIRED
MEHK,MEHK,OPRT,HK,EXPIRED
MELO,XNAS,SGMT,US,ACTIVE
MEMD,XMEM,SGMT,US,ACTIVE
MEMM,XMEM,SGMT,US,ACTIVE
MEMX,XMEM,SGMT,US,ACTIVE
MEPX,MEPX,OPRT,ME,ACTIVE
MERD,XOSL,SGMT,NO,ACTIVE
MERF,BMEX,SGMT,ES,ACTIVE
MERK,XOSL,SGMT,NO,ACTIVE
MESI,MSEU,SGMT,DE,ACTIVE
MESQ,XKLS,SGMT,MY,ACTIVE
METZ,METZ,OPRT,GB,ACTIVE
MFGL,MFGL,OPRT,GB,ACTIVE
MFOX,XLIS,SGMT,PT,ACTIVE
MFXA,MFXC,SGMT,GB,ACTIVE
MFXC,MFXC,OPRT,GB,ACTIVE
MFXR,MFXC,SGMT,GB,ACTIVE
MHBD,MHBD,OPRT,DE,ACTIVE
MHBE,MHBE,OPRT,NL,ACTIVE
MHBL,MHBL,OPRT,GB,EXPIRED
MHBP,MHBP,OPRT,FR,ACTIVE
MHEL,XHEL,SGMT,FI,ACTIVE
MHEU,MHEU,OPRT,DE,ACTIVE
MHIP,MHIP,OPRT,GB,EXPIRED
MIBG,MIBG,OPRT,ES,ACTIVE
MIBL,MIBL,OPRT,LU,EXPIRED
MICE,XICE,SGMT,IS,ACTIVE
MIDC,MIDC,OPRT,AE,ACTIVE
MIHI,MIHI,OPRT,US,ACTIVE
MISX,MISX,OPRT,RU,ACTIVE
MIVX,XMIL,SGMT,IT,ACTIVE
MIZX,MIZX,OPRT,JP,ACTIVE
MKAA,MTXX,SGMT,US,ACTIVE
MKAP,MKAP,OPRT,CY,ACTIVE
MKTF,MKTF,OPRT,FR,ACTIVE
MLAX,MLXN,SGMT,GB,EXPIRED
MLCO,BAML,SGMT,US,ACTIVE
MLER,MLEX,SGMT,FR,ACTIVE
MLES,MLEX,SGMT,FR,ACTIVE
MLEU,MLXN,SGMT,GB,EXPIRED
MLEX,MLEX,OPRT,FR,ACTIVE
MLIB,MLIB,OPRT,GB,EXPIRED
MLIX,MLIX,OPRT,GB,ACTIVE
MLRQ,MLIX,SGMT,GB,ACTIVE
MLSI,MLIX,SGMT,GB,ACTIVE
MLVE,MLXN,SGMT,GB,EXPIRED
MLVX,BAML,SGMT,US,ACTIVE
MLXB,XBRU,SGMT,BE,ACTIVE
MLXN,MLXN,OPRT,GB,EXPIRED
MNDK,XCSE,SGMT,DK,ACTIVE
MNFI,XHEL,SGMT,FI,ACTIVE
MNIS,XICE,SGMT,IS,ACTIVE
MNSE,XSTO,SGMT,SE,ACTIVE
MOAT,MOAT,OPRT,US,ACTIVE
MOCX,XINS,SGMT,US,ACTIVE
MOON,MOON,OPRT,US,ACTIVE
MOSE,XSTO,SGMT,SE,ACTIVE
MOTX,XMIL,SGMT,IT,ACTIVE
MPRL,MIHI,SGMT,US,ACTIVE
MSAL,MSAL,OPRT,AU,ACTIVE
MSAX,MSAX,OPRT,FR,EXPIRED
MSBI,MSBI,OPRT,GB,ACTIVE
MSCC,MSCO,SGMT,US,ACTIVE
MSCO,MSCO,OPRT,US,ACTIVE
MSCX,MSAX,SGMT,FR,EXPIRED
MSDM,MSDM,OPRT,PL,ACTIVE
MSEL,MSEL,OPRT,IE,ACTIVE
MSEU,MSEU,OPRT,DE,ACTIVE
MSIP,MSIP,OPRT,GB,ACTIVE
MSLC,MSCO,SGMT,US,ACTIVE
MSLP,MSCO,SGMT,US,EXPIRED
MSMS,MSMS,OPRT,JP,ACTIVE
MSNT,MSAX,SGMT,FR,EXPIRED
MSPL,MSCO,SGMT,US,ACTIVE
MSRP,MSCO,SGMT,US,ACTIVE
MSSA,HPCX,SGMT,FR,ACTIVE
MSSI,MSIP,SGMT,GB,ACTIVE
MSTC,MSCO,SGMT,US,EXPIRED
MSTO,XSTO,SGMT,SE,ACTIVE
MSTX,MSCO,SGMT,US,ACTIVE
MSWP,MTSO,SGMT,IT,EXPIRED
MSXB,XMUS,SGMT,OM,ACTIVE
MSXO,XMUS,SGMT,OM,ACTIVE
MTAA,XMIL,SGMT,IT,ACTIVE
MTAH,XMIL,SGMT,IT,ACTIVE
MTAX,MTAX,OPRT,IT,EXPIRED
MTCH,XPAR,SGMT,FR,ACTIVE
MTSA,XMTS,SGMT,GB,EXPIRED
MTSB,MTUS,SGMT,US,EXPIRED
MTSC,MTSO,SGMT,IT,ACTIVE
MTSD,BEAM,SGMT,BE,ACTIVE
MTSF,BEAM,SGMT,BE,ACTIVE
MTSG,XMTS,SGMT,GB,EXPIRED
MTSM,MTSO,SGMT,IT,EXPIRED
MTSO,MTSO,OPRT,IT,ACTIVE
MTSP,MTSP,OPRT,PL,EXPIRED
MTSS,XMTS,SGMT,GB,EXPIRED
MTSW,XMTS,SGMT,GB,EXPIRED
MTUS,MTUS,OPRT,US,EXPIRED
MTXA,MTXX,SGMT,US,ACTIVE
MTXC,MTXX,SGMT,US,ACTIVE
MTXM,MTXX,SGMT,US,ACTIVE
MTXS,MTXX,SGMT,US,ACTIVE
MTXX,MTXX,OPRT,US,ACTIVE
MUBE,MUBE,OPRT,NL,ACTIVE
MUBL,MUBL,OPRT,GB,ACTIVE
MUBM,MUBM,OPRT,IT,ACTIVE
MUBP,MUBP,OPRT,FR,ACTIVE
MUDX,MUDX,OPRT,JP,ACTIVE
MUFP,MUFP,OPRT,GB,ACTIVE
MUNA,XMUN,SGMT,DE,ACTIVE
MUNB,XMUN,SGMT,DE,ACTIVE
MUNC,XMUN,SGMT,DE,ACTIVE
MUND,XMUN,SGMT,DE,ACTIVE
MUSE,MUSE,OPRT,GB,ACTIVE
MUSN,MUSN,OPRT,NL,ACTIVE
MUTI,MUTI,OPRT,GB,ACTIVE
MVCX,XBCC,SGMT,AR,ACTIVE
MXLM,MAEL,SGMT,GB,ACTIVE
MXNL,MANL,SGMT,NL,ACTIVE
MXOP,XMEM,SGMT,US,ACTIVE
MXTE,XMXT,SGMT,US,ACTIVE
MXTO,XMXT,SGMT,US,ACTIVE
MYTR,MYTR,OPRT,GB,ACTIVE
N2EX,N2EX,OPRT,GB,ACTIVE
NABA,NABL,SGMT,GB,EXPIRED
NABE,NABE,OPRT,GB,EXPIRED
NABL,NABL,OPRT,GB,EXPIRED
NABP,NABP,OPRT,FR,ACTIVE
NABU,NABE,SGMT,GB,EXPIRED
NAMX,NAMX,OPRT,RU,ACTIVE
NAPA,NAPA,OPRT,SE,ACTIVE
NASB,NASB,OPRT,LT,EXPIRED
NASD,XNAS,SGMT,US,ACTIVE
NASN,XSTO,SGMT,SE,EXPIRED
NASX,NASX,OPRT,NG,ACTIVE
NATX,NATX,OPRT,FR,ACTIVE
NAVE,TRDE,SGMT,GB,EXPIRED
NBFL,NBFL,OPRT,GB,ACTIVE
NBLX,NBLX,OPRT,US,ACTIVE
NBOT,NBOT,OPRT,IN,ACTIVE
NBXO,XBXO,SGMT,US,EXPIRED
NCEL,NCEL,OPRT,PK,ACTIVE
NCME,NCME,OPRT,DE,ACTIVE
NCML,NCML,OPRT,GB,ACTIVE
NDCM,NDCM,OPRT,GB,ACTIVE
NDEX,NDEX,OPRT,NL,ACTIVE
NDSC,CDSL,SGMT,IN,ACTIVE
NDSO,CDSL,SGMT,IN,ACTIVE
NDXS,NDEX,SGMT,NL,ACTIVE
NECD,NECD,OPRT,AU,EXPIRED
NEEQ,NEEQ,OPRT,CN,ACTIVE
NEOC,NEOE,SGMT,CA,ACTIVE
NEOD,NEOE,SGMT,CA,ACTIVE
NEOE,NEOE,OPRT,CA,ACTIVE
NEON,NEOE,SGMT,CA,ACTIVE
NESI,NESI,OPRT,DE,ACTIVE
NEXD,NEXX,SGMT,GB,EXPIRED
NEXF,NEXX,SGMT,GB,EXPIRED
NEXG,NEXX,SGMT,GB,EXPIRED
NEXL,NEXX,SGMT,GB,EXPIRED
NEXN,NEXX,SGMT,GB,EXPIRED
NEXO,NEXO,OPRT,NO,ACTIVE
NEXS,NEXS,OPRT,GB,ACTIVE
NEXT,NEXX,SGMT,GB,EXPIRED
NEXX,NEXX,OPRT,GB,EXPIRED
NEXY,EBSN,SGMT,NL,EXPIRED
NFSA,NFSC,SGMT,US,ACTIVE
NFSC,NFSC,OPRT,US,ACTIVE
NFSD,NFSC,SGMT,US,ACTIVE
NGXC,NGXC,OPRT,CA,ACTIVE
NIBC,NIBC,OPRT,NL,ACTIVE
NIBR,XOSL,SGMT,NO,ACTIVE
NILX,NILX,OPRT,EG,ACTIVE
NLAX,CPGX,SGMT,US,ACTIVE
NLBX,NLBX,OPRT,DE,EXPIRED
NLPX,NLPX,OPRT,NL,ACTIVE
NMCE,NMCE,OPRT,IN,ACTIVE
NMRA,NMRA,OPRT,US,ACTIVE
NMRJ,NMRJ,OPRT,JP,ACTIVE
NMSX,NMRJ,SGMT,JP,ACTIVE
NMTF,XNGM,SGMT,SE,ACTIVE
NMTS,XMTS,SGMT,GB,EXPIRED
NNCS,NNCS,OPRT,RU,EXPIRED
NOCO,XSTO,SGMT,SE,EXPIRED
NODX,NODX,OPRT,US,ACTIVE
NOED,XSTO,SGMT,SE,ACTIVE
NOFF,NOFF,OPRT,GB,ACTIVE
NOFI,XSTO,SGMT,SE,ACTIVE
NOME,NURO,SGMT,GB,EXPIRED
NOOB,XSTO,SGMT,SE,ACTIVE
NOPS,NOPS,OPRT,NO,ACTIVE
NORD,NORD,OPRT,DE,ACTIVE
NORX,NORX,OPRT,NO,ACTIVE
NOSC,NOSC,OPRT,NO,EXPIRED
NOSI,NOSI,OPRT,GB,EXPIRED
NOTC,NOTC,OPRT,NO,ACTIVE
NOWB,XSTO,SGMT,SE,ACTIVE
NOWX,NOWX,OPRT,FR,ACTIVE
NPEX,NPEX,OPRT,NL,ACTIVE
NPGA,NPGA,OPRT,DK,ACTIVE
NPMS,NPMS,OPRT,US,ACTIVE
NSME,XNGM,SGMT,SE,ACTIVE
NSPO,NSPO,OPRT,SE,ACTIVE
NSSA,NSSA,OPRT,PL,ACTIVE
NSXB,NSXB,OPRT,AU,ACTIVE
NTRL,INCR,SGMT,US,ACTIVE
NTUK,NTUK,OPRT,GB,ACTIVE
NURD,NURO,SGMT,GB,EXPIRED
NURO,NURO,OPRT,GB,EXPIRED
NWMS,NWMS,OPRT,GB,ACTIVE
NWNV,NWNV,OPRT,NL,ACTIVE
NXBX,NMRJ,SGMT,JP,ACTIVE
NXEU,NXEU,OPRT,GB,ACTIVE
NXFO,NMRJ,SGMT,JP,ACTIVE
NXJP,NMRJ,SGMT,JP,ACTIVE
NXSE,NMRJ,SGMT,JP,ACTIVE
NXTE,NXTE,OPRT,KR,ACTIVE
NXUS,NXUS,OPRT,US,ACTIVE
NXVW,NMRJ,SGMT,JP,ACTIVE
NYFX,BNYC,SGMT,US,EXPIRED
NYMS,XCME,SGMT,US,ACTIVE
NYMX,NYMX,OPRT,GB,EXPIRED
NYPC,NYPC,OPRT,US,ACTIVE
NYSD,XNYS,SGMT,US,ACTIVE
NYSI,NYSI,OPRT,DK,ACTIVE
NZFX,XASX,SGMT,AU,ACTIVE
NZXC,XNZE,SGMT,NZ,ACTIVE
NZXD,XNZE,SGMT,NZ,ACTIVE
NZXM,XNZE,SGMT,NZ,ACTIVE
O360,U360,SGMT,US,ACTIVE
OAPA,OAPA,OPRT,NO,ACTIVE
OBGE,OBGE,OPRT,GB,ACTIVE
OBGP,AURB,SGMT,FR,ACTIVE
OBKL,OBKL,OPRT,AT,ACTIVE
OCEA,OCEA,OPRT,US,ACTIVE
OCFX,OCFX,OPRT,US,ACTIVE
OCSI,OCSI,OPRT,GB,ACTIVE
OCTC,OCTC,OPRT,US,ACTIVE
OCTL,OCTL,OPRT,US,ACTIVE
OCTU,OCTC,SGMT,US,ACTIVE
OCXE,OCXE,OPRT,NL,ACTIVE
OCXL,OCXL,OPRT,GB,ACTIVE
ODDO,ODDO,OPRT,FR,ACTIVE
ODOC,ODOC,OPRT,FR,ACTIVE
ODST,ODXE,SGMT,JP,ACTIVE
ODXE,ODXE,OPRT,JP,ACTIVE
OFEX,OFEX,OPRT,GB,EXPIRED
OHVO,OHVO,OPRT,NL,ACTIVE
OILX,TRDE,SGMT,GB,EXPIRED
OKXE,OKXE,OPRT,MT,ACTIVE
OLBB,OLBB,OPRT,DE,ACTIVE
OLLC,OLLC,OPRT,US,ACTIVE
OMEL,OMEL,OPRT,ES,ACTIVE
OMET,OMET,OPRT,US,ACTIVE
OMGA,OMGA,OPRT,CA,ACTIVE
OMIC,OMIC,OPRT,PT,ACTIVE
OMIP,OMIP,OPRT,PT,ACTIVE
ONEC,CGMI,SGMT,US,ACTIVE
ONEP,ONEX,SGMT,NL,ACTIVE
ONEX,ONEX,OPRT,NL,ACTIVE
ONSE,XSTO,SGMT,SE,ACTIVE
OOTC,FINR,SGMT,US,ACTIVE
OPCO,OPCO,OPRT,FI,EXPIRED
OPEX,OPEX,OPRT,PT,EXPIRED
OPMX,OPMX,OPRT,US,ACTIVE
OPRA,OPRA,OPRT,US,ACTIVE
OPSI,OPSI,OPRT,NL,ACTIVE
OPTX,OPTX,OPRT,GB,ACTIVE
OSDS,OSDS,OPRT,HK,ACTIVE
OSLC,OSLC,OPRT,NO,ACTIVE
OSSG,OSSG,OPRT,SG,ACTIVE
OTCB,OTCM,SGMT,US,ACTIVE
OTCD,OTCM,SGMT,US,ACTIVE
OTCE,OTCE,OPRT,GB,ACTIVE
OTCI,OTCI,OPRT,US,ACTIVE
OTCM,OTCM,OPRT,US,ACTIVE
OTCN,OTCN,OPRT,US,ACTIVE
OTCO,OTCI,SGMT,US,ACTIVE
OTCQ,OTCM,SGMT,US,ACTIVE
OTCX,OTCX,OPRT,IN,ACTIVE
OTEU,OTEU,OPRT,NL,ACTIVE
OTPB,OTPB,OPRT,HU,ACTIVE
OTPR,OTPR,OPRT,RO,ACTIVE
OTXB,OTXB,OPRT,CH,ACTIVE
OTXT,OTXT,OPRT,GB,ACTIVE
OYLD,OYLD,OPRT,US,ACTIVE
PARK,PARK,OPRT,PL,EXPIRED
PARX,TRDE,SGMT,GB,ACTIVE
PATF,PATF,OPRT,CZ,ACTIVE
PAVE,PAVE,OPRT,ES,ACTIVE
PAYM,PAYM,OPRT,FR,ACTIVE
PBGR,PBGR,OPRT,GR,ACTIVE
PBUL,XBUL,SGMT,BG,ACTIVE
PCDS,TPCD,SGMT,GB,EXPIRED
PCSE,XCSE,SGMT,DK,ACTIVE
PDEX,PDEX,OPRT,PH,ACTIVE
PDQD,PDQX,SGMT,US,EXPIRED
PDQX,PDQX,OPRT,US,EXPIRED
PEEL,PEEL,OPRT,GB,ACTIVE
PEPH,PEPW,SGMT,SE,ACTIVE
PEPM,PEPW,SGMT,SE,ACTIVE
PEPQ,PEPW,SGMT,SE,ACTIVE
PEPW,PEPW,OPRT,SE,ACTIVE
PEPY,PEPW,SGMT,SE,ACTIVE
PERP,PMXX,SGMT,CY,ACTIVE
PESL,PESL,OPRT,IE,ACTIVE
PEUR,XHEL,SGMT,FI,ACTIVE
PFSE,XSTO,SGMT,SE,ACTIVE
PFSI,PATF,SGMT,CZ,ACTIVE
PFTQ,PFTS,SGMT,UA,ACTIVE
PFTS,PFTS,OPRT,UA,ACTIVE
PFXD,TRDE,SGMT,GB,ACTIVE
PGSL,PGSL,OPRT,IE,ACTIVE
PGTP,PGTP,OPRT,SG,ACTIVE
PHEL,XHEL,SGMT,FI,ACTIVE
PHSI,PEEL,SGMT,GB,ACTIVE
PIEU,PIEU,OPRT,GB,ACTIVE
PINC,OTCM,SGMT,US,EXPIRED
PINI,OTCM,SGMT,US,EXPIRED
PINL,OTCM,SGMT,US,ACTIVE
PINX,OTCM,SGMT,US,EXPIRED
PIPE,PIPE,OPRT,US,ACTIVE
PIPR,PIPR,OPRT,US,ACTIVE
PIRM,PIRM,OPRT,GB,ACTIVE
PJCX,PIPR,SGMT,US,EXPIRED
PKOP,PKOP,OPRT,PL,ACTIVE
PLDX,LOTC,SGMT,GB,ACTIVE
PLPD,XWAR,SGMT,PL,ACTIVE
PLPO,XWAR,SGMT,PL,ACTIVE
PLPS,XWAR,SGMT,PL,ACTIVE
PLPX,XWAR,SGMT,PL,EXPIRED
PLSX,ICAP,SGMT,GB,EXPIRED
PLUS,XMUN,SGMT,DE,EXPIRED
PMTS,PMTS,OPRT,PT,EXPIRED
PMXX,PMXX,OPRT,CY,ACTIVE
PNED,XSTO,SGMT,SE,EXPIRED
POEE,XWAR,SGMT,PL,EXPIRED
PORT,XMTS,SGMT,GB,EXPIRED
POSE,POSE,OPRT,ES,ACTIVE
POTC,POTC,OPRT,VU,ACTIVE
POTL,POTL,OPRT,AU,ACTIVE
PPEX,PPEX,OPRT,GB,ACTIVE
PRME,XMTS,SGMT,GB,EXPIRED
PROS,XMAL,SGMT,MT,ACTIVE
PRSE,PRSE,OPRT,US,ACTIVE
PSGM,OTCM,SGMT,US,ACTIVE
PSTO,XSTO,SGMT,SE,ACTIVE
PSXD,XNAS,SGMT,US,ACTIVE
PTPG,PTPG,OPRT,PL,ACTIVE
PULX,PULX,OPRT,US,EXPIRED
PUMA,PUMA,OPRT,US,ACTIVE
PUMX,PUMA,SGMT,US,ACTIVE
PUND,PUND,OPRT,US,ACTIVE
PURE,XCNQ,SGMT,CA,ACTIVE
PVBL,PVBL,OPRT,US,ACTIVE
PVMF,TPEO,SGMT,GB,ACTIVE
PXIL,PXIL,OPRT,IN,ACTIVE
QCEX,QCEX,OPRT,US,ACTIVE
QMTF,QMTF,OPRT,HU,EXPIRED
QMTS,QMTS,OPRT,GB,EXPIRED
QUNT,INFT,SGMT,NO,ACTIVE
QWIK,QWIK,OPRT,US,ACTIVE
QWIX,QWIX,OPRT,GB,ACTIVE
R5FX,R5FX,OPRT,GB,ACTIVE
RABL,RABL,OPRT,GB,ACTIVE
RABO,RABO,OPRT,NL,ACTIVE
RAJA,RAJA,OPRT,US,ACTIVE
RBCB,RBCB,OPRT,LU,ACTIVE
RBCC,RBCC,OPRT,FR,ACTIVE
RBCE,RBCE,OPRT,GB,ACTIVE
RBCG,RBCG,OPRT,DE,ACTIVE
RBCM,RBCM,OPRT,GB,ACTIVE
RBCS,RBCS,OPRT,US,ACTIVE
RBCT,RBCT,OPRT,GB,ACTIVE
RBEX,RBEX,OPRT,US,ACTIVE
RBHU,RBHU,OPRT,HU,ACTIVE
RBIV,RBIV,OPRT,AT,ACTIVE
RBSI,RBCB,SGMT,LU,ACTIVE
RBSX,RBSX,OPRT,GB,ACTIVE
RCBX,XINS,SGMT,US,EXPIRED
RCMA,RCMA,OPRT,US,ACTIVE
RENC,RENC,OPRT,CY,ACTIVE
RESE,EBSN,SGMT,NL,EXPIRED
RESF,EBSN,SGMT,NL,ACTIVE
REST,NEXS,SGMT,GB,ACTIVE
REVX,REVX,OPRT,CY,ACTIVE
RFBK,RFBK,OPRT,CZ,ACTIVE
RFIM,RFIM,OPRT,AE,ACTIVE
RFQN,MANL,SGMT,NL,ACTIVE
RFQS,MASG,SGMT,SG,ACTIVE
RFQU,MAEL,SGMT,GB,ACTIVE
RICD,RICX,SGMT,US,EXPIRED
RICX,RICX,OPRT,US,EXPIRED
RITS,RITS,OPRT,IN,ACTIVE
RJXX,LEVL,SGMT,US,ACTIVE
RLBO,RLBO,OPRT,AT,ACTIVE
RMEX,RMEX,OPRT,LI,ACTIVE
RMMS,RMMS,OPRT,ZA,ACTIVE
RMMX,RMMS,SGMT,ZA,ACTIVE
RMTF,RMTF,OPRT,IE,ACTIVE
RMTS,XMTS,SGMT,GB,EXPIRED
ROCO,ROCO,OPRT,TW,ACTIVE
ROFX,ROFX,OPRT,AR,ACTIVE
ROSR,ROSR,OPRT,CH,ACTIVE
ROTC,ROTC,OPRT,RW,ACTIVE
RPDX,RPDX,OPRT,RU,ACTIVE
RPWC,XWAR,SGMT,PL,ACTIVE
RR4G,RR4G,OPRT,NL,ACTIVE
RRSI,RRSI,OPRT,RO,ACTIVE
RSEX,RSEX,OPRT,RW,ACTIVE
RTSI,RBCT,SGMT,GB,ACTIVE
RTSL,RTSL,OPRT,GB,ACTIVE
RTSP,RTSP,OPRT,SG,ACTIVE
RTSX,MISX,SGMT,RU,ACTIVE
RTXF,RTXF,OPRT,US,ACTIVE
RULE,RULE,OPRT,CH,ACTIVE
RUSX,RUSX,OPRT,RU,ACTIVE
RVSA,RVSA,OPRT,AT,ACTIVE
S360,S360,OPRT,SG,ACTIVE
S3FM,S3FM,OPRT,CH,ACTIVE
SAGE,SAGE,OPRT,US,ACTIVE
SANT,SANT,OPRT,ES,ACTIVE
SB1M,SB1M,OPRT,NO,ACTIVE
SBAR,BMEX,SGMT,ES,ACTIVE
SBEX,SBEX,OPRT,GB,ACTIVE
SBIC,SBIJ,SGMT,JP,ACTIVE
SBIJ,SBIJ,OPRT,JP,ACTIVE
SBIL,BMEX,SGMT,ES,ACTIVE
SBIU,SBIJ,SGMT,JP,ACTIVE
SBIV,SBIJ,SGMT,JP,ACTIVE
SBMF,BMFX,SGMT,RO,EXPIRED
SBSI,SBSI,OPRT,DK,ACTIVE
SCAG,SCAG,OPRT,DE,ACTIVE
SCLB,SCLB,OPRT,DE,ACTIVE
SCLE,BMEX,SGMT,ES,ACTIVE
SCOT,SCOT,OPRT,GB,ACTIVE
SCXA,SCXO,SGMT,US,EXPIRED
SCXF,SCXO,SGMT,US,EXPIRED
SCXM,SCXO,SGMT,US,EXPIRED
SCXO,SCXO,OPRT,US,ACTIVE
SCXS,SCXO,SGMT,US,EXPIRED
SEBA,SEBA,OPRT,DE,ACTIVE
SEBL,SEBL,OPRT,LT,ACTIVE
SEBS,SEBS,OPRT,SE,ACTIVE
SEBX,SEBX,OPRT,SE,EXPIRED
SECC,SECC,OPRT,SC,ACTIVE
SECD,SECD,OPRT,SC,ACTIVE
SECE,SECE,OPRT,SC,ACTIVE
SECF,SECF,OPRT,GB,ACTIVE
SEDC,SEDC,OPRT,SC,ACTIVE
SEDR,SEDR,OPRT,GB,EXPIRED
SEDX,XMIL,SGMT,IT,ACTIVE
SEED,XSTO,SGMT,SE,ACTIVE
SELC,SELC,OPRT,BR,ACTIVE
SEMX,SEMX,OPRT,IE,ACTIVE
SEND,BMEX,SGMT,ES,ACTIVE
SEOB,XSTO,SGMT,SE,ACTIVE
SEPE,SEPE,OPRT,UA,ACTIVE
SEWB,XSTO,SGMT,SE,ACTIVE
SFCL,SFCL,OPRT,GB,ACTIVE
SFMP,SFMP,OPRT,GB,ACTIVE
SFOX,SFOX,OPRT,US,ACTIVE
SGA2,SGAS,SGMT,US,ACTIVE
SGAS,SGAS,OPRT,US,ACTIVE
SGBX,GSCO,SGMT,US,ACTIVE
SGEX,SGEX,OPRT,CN,ACTIVE
SGMA,SGMA,OPRT,US,ACTIVE
SGMT,GSCO,SGMT,US,ACTIVE
SGMU,SGMU,OPRT,FR,ACTIVE
SGMV,SGMU,SGMT,FR,ACTIVE
SGMW,SGMU,SGMT,FR,ACTIVE
SGMX,SGMX,OPRT,GB,ACTIVE
SGMY,SGMX,SGMT,GB,ACTIVE
SGMZ,SGMX,SGMT,GB,ACTIVE
SGOE,SGOE,OPRT,FR,ACTIVE
SHAD,SHAW,SGMT,US,ACTIVE
SHAR,SHAR,OPRT,GB,ACTIVE
SHAW,SHAW,OPRT,US,ACTIVE
SHSC,XHKG,SGMT,HK,ACTIVE
SIAB,SIAB,OPRT,PL,ACTIVE
SIBC,SIBC,OPRT,CY,ACTIVE
SICS,CSEU,SGMT,GB,ACTIVE
SIDX,SIDX,OPRT,IE,ACTIVE
SIFX,SIFX,OPRT,GB,ACTIVE
SIG2,SIG2,OPRT,JP,ACTIVE
SIGA,SIGA,OPRT,AU,ACTIVE
SIGB,SIG2,SGMT,JP,ACTIVE
SIGH,GSAL,SGMT,HK,ACTIVE
SIGJ,SIGJ,OPRT,JP,ACTIVE
SIGX,SIGX,OPRT,US,EXPIRED
SIMD,CSMD,SGMT,ES,ACTIVE
SIMV,SIMV,OPRT,AU,ACTIVE
SISI,SISI,OPRT,IE,ACTIVE
SISU,SISU,OPRT,GB,ACTIVE
SKBB,SKBB,OPRT,SI,ACTIVE
SKSI,SKSI,OPRT,DK,ACTIVE
SKYX,SKYX,OPRT,GB,ACTIVE
SLHB,SLHB,OPRT,AT,ACTIVE
SLKK,XMTS,SGMT,GB,EXPIRED
SLXT,SLXT,OPRT,GB,EXPIRED
SMBB,SMBB,OPRT,BE,ACTIVE
SMBC,SMBC,OPRT,JP,ACTIVE
SMBD,SMBD,OPRT,DE,ACTIVE
SMBE,SMBE,OPRT,GB,ACTIVE
SMBG,SMBG,OPRT,GB,ACTIVE
SMBP,SMBP,OPRT,FR,ACTIVE
SMEX,SMEX,OPRT,SG,ACTIVE
SMFE,SMFE,OPRT,US,ACTIVE
SMFF,SMFF,OPRT,DE,ACTIVE
SMTS,XMTS,SGMT,GB,EXPIRED
SNSI,SNSI,OPRT,DK,ACTIVE
SNUK,SNUK,OPRT,GB,ACTIVE
SOHO,SOHO,OPRT,US,ACTIVE
SPAD,XPRA,SGMT,CZ,EXPIRED
SPAX,SPAX,OPRT,US,ACTIVE
SPBE,SPBE,OPRT,RU,ACTIVE
SPDK,XSAT,SGMT,SE,ACTIVE
SPDX,SPDX,OPRT,GB,ACTIVE
SPEC,SPEC,OPRT,GB,ACTIVE
SPEU,XSAT,SGMT,SE,ACTIVE
SPEX,SPEX,OPRT,DE,ACTIVE
SPFI,XSAT,SGMT,SE,ACTIVE
SPHR,MIHI,SGMT,US,ACTIVE
SPIM,SPIM,OPRT,RU,ACTIVE
SPNO,XSAT,SGMT,SE,ACTIVE
SPRZ,SPRZ,OPRT,GB,ACTIVE
SPSD,XSAT,SGMT,SE,ACTIVE
SPTR,SPTR,OPRT,NO,ACTIVE
SPTX,SPTX,OPRT,US,ACTIVE
SPXE,SPXE,OPRT,SK,ACTIVE
SQUA,SQUA,OPRT,GB,ACTIVE
SRPT,SRPT,OPRT,US,ACTIVE
SSBI,SSBI,OPRT,DE,ACTIVE
SSBM,SSBI,SGMT,DE,ACTIVE
SSBT,SSBT,OPRT,GB,ACTIVE
SSEX,SSEX,OPRT,GB,ACTIVE
SSFX,SSBT,SGMT,GB,ACTIVE
SSIL,SSIL,OPRT,GB,ACTIVE
SSME,XSTO,SGMT,SE,ACTIVE
SSOB,MTSO,SGMT,IT,ACTIVE
SSTX,SSTX,OPRT,US,ACTIVE
SSWM,SSWM,OPRT,DE,EXPIRED
STAL,STAL,OPRT,GB,EXPIRED
STAN,STAN,OPRT,GB,ACTIVE
STEE,NORX,SGMT,NO,EXPIRED
STFL,STFL,OPRT,GB,ACTIVE
STFU,STFU,OPRT,US,EXPIRED
STFX,STFX,OPRT,US,ACTIVE
STOX,STOX,OPRT,CH,ACTIVE
STRM,STRM,OPRT,US,ACTIVE
STRT,XPRA,SGMT,CZ,EXPIRED
STSI,STSI,OPRT,GB,EXPIRED
STUA,XSTU,SGMT,DE,ACTIVE
STUB,XSTU,SGMT,DE,ACTIVE
STUC,XSTU,SGMT,DE,ACTIVE
STUD,XSTU,SGMT,DE,ACTIVE
STUE,XSTU,SGMT,DE,ACTIVE
STUF,XSTU,SGMT,DE,ACTIVE
STUH,XSTU,SGMT,DE,ACTIVE
STUJ,XSTU,SGMT,DE,ACTIVE
STUL,XSTU,SGMT,DE,ACTIVE
STXS,STXS,OPRT,NL,ACTIVE
STXX,STXX,OPRT,ES,ACTIVE
SUNB,SUNB,OPRT,GB,EXPIRED
SUNM,SUNB,SGMT,GB,EXPIRED
SUNO,SUNB,SGMT,GB,EXPIRED
SUNT,SUNT,OPRT,US,ACTIVE
SVES,SVEX,SGMT,SE,ACTIVE
SVEX,SVEX,OPRT,SE,ACTIVE
SVXI,SVXI,OPRT,VC,ACTIVE
SWAP,SWAP,OPRT,GB,ACTIVE
SWBI,SWBI,OPRT,SE,EXPIRED
SWEE,SWEE,OPRT,EE,EXPIRED
SWLT,SWLT,OPRT,LT,EXPIRED
SWLV,SWLV,OPRT,LV,EXPIRED
SWPX,SWPX,OPRT,US,ACTIVE
SXSI,SXSI,OPRT,DK,ACTIVE
SYFX,SYFX,OPRT,SG,ACTIVE
SYNK,SYNK,OPRT,IT,ACTIVE
SZSC,XHKG,SGMT,HK,ACTIVE
T212,T212,OPRT,BG,ACTIVE
TBEN,XTUP,SGMT,GB,EXPIRED
TBLA,XTUP,SGMT,GB,EXPIRED
TBSA,XWAR,SGMT,PL,ACTIVE
TBSP,XWAR,SGMT,PL,ACTIVE
TBSX,TBSX,OPRT,DE,EXPIRED
TCDS,TRDE,SGMT,GB,ACTIVE
TCME,TRDE,SGMT,GB,EXPIRED
TCML,TCML,OPRT,GB,ACTIVE
TDBL,TDBL,OPRT,GB,ACTIVE
TDGF,TDGF,OPRT,IE,ACTIVE
TDON,TDON,OPRT,FR,ACTIVE
TDSX,INCR,SGMT,US,ACTIVE
TDVS,TDVS,OPRT,RO,ACTIVE
TDXS,TDXS,OPRT,CH,ACTIVE
TECO,TPEO,SGMT,GB,ACTIVE
TEEG,TPSO,SGMT,GB,EXPIRED
TEFD,TPEL,SGMT,GB,ACTIVE
TEFX,TPEO,SGMT,GB,EXPIRED
TEGB,TPEO,SGMT,GB,EXPIRED
TEGI,TPEO,SGMT,GB,EXPIRED
TEIR,TPEO,SGMT,GB,EXPIRED
TEMB,TPEL,SGMT,GB,EXPIRED
TEMC,TPEL,SGMT,GB,EXPIRED
TEMF,TPEL,SGMT,GB,EXPIRED
TEMG,TPEL,SGMT,GB,EXPIRED
TEMI,TPEL,SGMT,GB,EXPIRED
TEMM,TPEO,SGMT,GB,EXPIRED
TEMR,TPEL,SGMT,GB,ACTIVE
TEOF,TPEO,SGMT,GB,EXPIRED
TEPF,TPFR,SGMT,FR,EXPIRED
TEPG,TPFR,SGMT,FR,EXPIRED
TEPI,TPFR,SGMT,FR,EXPIRED
TEPM,TPFR,SGMT,FR,EXPIRED
TEPR,TPFR,SGMT,FR,EXPIRED
TEPX,TPFR,SGMT,FR,EXPIRED
TERA,TERA,OPRT,US,ACTIVE
TERE,TPEO,SGMT,GB,EXPIRED
TERM,TERM,OPRT,SG,ACTIVE
TEUR,TEUR,OPRT,ES,ACTIVE
TFEX,TFEX,OPRT,TH,ACTIVE
TFSA,TFSA,OPRT,SG,ACTIVE
TFSC,TRDE,SGMT,GB,EXPIRED
TFSD,TFSD,OPRT,HK,ACTIVE
TFSE,TRDE,SGMT,GB,EXPIRED
TFSG,TRDE,SGMT,GB,EXPIRED
TFSS,TRDE,SGMT,GB,EXPIRED
TFSU,TFSU,OPRT,US,ACTIVE
TFSV,TFSV,OPRT,GB,EXPIRED
TGAT,TGAT,OPRT,DE,ACTIVE
TGSI,TGAT,SGMT,DE,ACTIVE
THEM,THEM,OPRT,US,ACTIVE
THRD,XNIM,SGMT,US,EXPIRED
THRE,THRE,OPRT,US,ACTIVE
TICT,TICT,OPRT,JP,ACTIVE
TIRD,TPEL,SGMT,GB,EXPIRED
TLAB,TLAB,OPRT,IT,EXPIRED
TLCM,ICOT,SGMT,FR,ACTIVE
TMCC,IBSC,SGMT,US,ACTIVE
TMCY,TMCY,OPRT,CY,ACTIVE
TMEU,TMEU,OPRT,IE,ACTIVE
TMEX,TMEX,OPRT,TR,ACTIVE
TMID,TMID,OPRT,US,ACTIVE
TMTS,XMTS,SGMT,GB,EXPIRED
TMUK,TMUK,OPRT,GB,ACTIVE
TMXS,TMXS,OPRT,CA,EXPIRED
TNLA,XAMS,SGMT,NL,ACTIVE
TNLB,XBRU,SGMT,BE,ACTIVE
TNLK,XBRU,SGMT,BE,EXPIRED
TNLL,XLDN,SGMT,GB,EXPIRED
TOCP,TOCP,OPRT,HK,ACTIVE
TOMD,TOMX,SGMT,NL,EXPIRED
TOMF,TPES,SGMT,ES,EXPIRED
TOMG,TPES,SGMT,ES,EXPIRED
TOMX,TOMX,OPRT,NL,EXPIRED
TOWR,TOWR,OPRT,NL,ACTIVE
TPCD,XTUP,SGMT,GB,EXPIRED
TPDA,TPID,SGMT,GB,ACTIVE
TPDE,TPDE,OPRT,DE,EXPIRED
TPDR,TPIC,SGMT,FR,ACTIVE
TPEE,TPIC,SGMT,FR,ACTIVE
TPEL,TPEL,OPRT,GB,ACTIVE
TPEO,TPEO,OPRT,GB,ACTIVE
TPEQ,XTUP,SGMT,GB,EXPIRED
TPER,TPEU,SGMT,FR,ACTIVE
TPES,TPES,OPRT,ES,EXPIRED
TPEU,TPEU,OPRT,FR,ACTIVE
TPFD,XTUP,SGMT,GB,EXPIRED
TPFR,TPFR,OPRT,FR,EXPIRED
TPIC,TPIC,OPRT,FR,ACTIVE
TPID,TPID,OPRT,GB,ACTIVE
TPIE,TPIE,OPRT,GB,ACTIVE
TPIM,TPIM,OPRT,GB,EXPIRED
TPIO,TPIC,SGMT,FR,ACTIVE
TPIR,TPIC,SGMT,FR,ACTIVE
TPIS,TPIS,OPRT,GB,EXPIRED
TPLF,TPIS,SGMT,GB,EXPIRED
TPMF,TPIS,SGMT,GB,EXPIRED
TPMG,TPIS,SGMT,GB,EXPIRED
TPRE,XTUP,SGMT,GB,EXPIRED
TPSB,TPSE,SGMT,US,ACTIVE
TPSD,XTUP,SGMT,GB,EXPIRED
TPSE,TPSE,OPRT,US,ACTIVE
TPSG,TERM,SGMT,SG,ACTIVE
TPSL,TPSL,OPRT,GB,ACTIVE
TPSO,TPSO,OPRT,GB,ACTIVE
TPSP,XTUP,SGMT,GB,EXPIRED
TPSV,TPSE,SGMT,US,EXPIRED
TPSY,TPIS,SGMT,GB,EXPIRED
TQEA,TQEX,SGMT,NL,ACTIVE
TQEB,TQEX,SGMT,NL,EXPIRED
TQEM,TQEX,SGMT,NL,ACTIVE
TQEX,TQEX,OPRT,NL,ACTIVE
TRAI,TRAI,OPRT,US,ACTIVE
TRAL,RTSL,SGMT,GB,ACTIVE
TRAS,TRAS,OPRT,HK,ACTIVE
TRAX,TRAX,OPRT,GB,ACTIVE
TRBX,TRBX,OPRT,DE,ACTIVE
TRCK,TRCK,OPRT,US,ACTIVE
TRCX,TRCX,OPRT,US,ACTIVE
TRDC,TRDC,OPRT,SG,ACTIVE
TRDE,TRDE,OPRT,GB,ACTIVE
TRDX,TRDE,SGMT,GB,ACTIVE
TREA,TREU,SGMT,GB,ACTIVE
TREO,TREU,SGMT,GB,ACTIVE
TREU,TREU,OPRT,GB,ACTIVE
TREX,TREX,OPRT,US,ACTIVE
TRFW,RTSL,SGMT,GB,ACTIVE
TRFX,TRWB,SGMT,US,EXPIRED
TRIE,TRIE,OPRT,IE,ACTIVE
TRNL,TRNL,OPRT,NL,ACTIVE
TRPX,TRPX,OPRT,SC,ACTIVE
TRQA,TRQX,SGMT,GB,ACTIVE
TRQB,TRQX,SGMT,GB,EXPIRED
TRQC,TRQX,SGMT,GB,EXPIRED
TRQD,TRQX,SGMT,GB,EXPIRED
TRQM,TRQX,SGMT,GB,ACTIVE
TRQS,TRQX,SGMT,GB,EXPIRED
TRQX,TRQX,OPRT,GB,ACTIVE
TRSI,TRSI,OPRT,GB,ACTIVE
TRU1,TRUX,SGMT,US,ACTIVE
TRU2,TRUX,SGMT,US,ACTIVE
TRUK,TRUK,OPRT,GB,ACTIVE
TRUX,TRUX,OPRT,US,ACTIVE
TRWB,TRWB,OPRT,US,ACTIVE
TRXE,TRXE,OPRT,FR,ACTIVE
TSAD,TSAD,OPRT,US,ACTIVE
TSAF,TSAF,OPRT,FR,ACTIVE
TSBF,TSEF,SGMT,US,ACTIVE
TSBX,TSBX,OPRT,US,EXPIRED
TSCB,TPSO,SGMT,GB,EXPIRED
TSCD,TPSO,SGMT,GB,ACTIVE
TSED,TPSO,SGMT,GB,ACTIVE
TSEF,TSEF,OPRT,US,ACTIVE
TSFF,TPDE,SGMT,DE,EXPIRED
TSFG,TPDE,SGMT,DE,EXPIRED
TSFI,TPSO,SGMT,GB,ACTIVE
TSFX,TPSO,SGMT,GB,EXPIRED
TSGB,TPSO,SGMT,GB,ACTIVE
TSGI,TPSO,SGMT,GB,ACTIVE
TSIG,TSIG,OPRT,SG,ACTIVE
TSIR,TPSO,SGMT,GB,ACTIVE
TSMB,TPSL,SGMT,GB,EXPIRED
TSMC,TPSL,SGMT,GB,EXPIRED
TSMG,TPSL,SGMT,GB,EXPIRED
TSMI,TPSL,SGMT,GB,EXPIRED
TSMM,TPSO,SGMT,GB,ACTIVE
TSMR,TPSL,SGMT,GB,ACTIVE
TSRE,TPSO,SGMT,GB,EXPIRED
TSUK,TPSL,SGMT,GB,EXPIRED
TUOB,TPSO,SGMT,GB,ACTIVE
TWEA,TWEU,SGMT,NL,ACTIVE
TWEM,TWEU,SGMT,NL,ACTIVE
TWEO,TWEU,SGMT,NL,ACTIVE
TWEU,TWEU,OPRT,NL,ACTIVE
TWGP,TWGP,OPRT,GB,ACTIVE
TWHK,TWHK,OPRT,HK,ACTIVE
TWJP,TWJP,OPRT,JP,ACTIVE
TWJT,TWJP,SGMT,JP,ACTIVE
TWSA,TWSA,OPRT,SA,ACTIVE
TWSF,TRWB,SGMT,US,ACTIVE
TWSG,TWSG,OPRT,SG,ACTIVE
TXBA,LEVL,SGMT,US,ACTIVE
TXSD,TXSE,SGMT,US,ACTIVE
TXSE,TXSE,OPRT,US,ACTIVE
U360,U360,OPRT,US,ACTIVE
UBCZ,UBCZ,OPRT,CZ,ACTIVE
UBEC,UBEC,OPRT,US,ACTIVE
UBIM,UBIM,OPRT,IT,EXPIRED
UBIN,UBIN,OPRT,GB,ACTIVE
UBIS,UBIS,OPRT,IT,ACTIVE
UBSA,UBSA,OPRT,US,ACTIVE
UBSB,UBSB,OPRT,GB,ACTIVE
UBSC,UBSG,SGMT,CH,ACTIVE
UBSD,UBSD,OPRT,DE,EXPIRED
UBSE,UBSL,SGMT,GB,EXPIRED
UBSF,UBSG,SGMT,CH,ACTIVE
UBSG,UBSG,OPRT,CH,ACTIVE
UBSI,UBSL,SGMT,DE,ACTIVE
UBSL,UBSL,OPRT,DE,ACTIVE
UBSP,UBSA,SGMT,US,ACTIVE
UBSS,UBSS,OPRT,US,ACTIVE
UBST,UBST,OPRT,CH,EXPIRED
UBSV,UBSA,SGMT,US,ACTIVE
UBSX,UBSX,OPRT,HK,ACTIVE
UBSY,UBSB,SGMT,GB,ACTIVE
UCBA,UCBA,OPRT,AT,ACTIVE
UCBG,UCBG,OPRT,BG,ACTIVE
UCDE,UCDE,OPRT,DE,ACTIVE
UCHU,UCHU,OPRT,HU,ACTIVE
UCIT,UCIT,OPRT,IT,ACTIVE
UFEX,UFEX,OPRT,UY,ACTIVE
UGEN,UGEN,OPRT,GB,ACTIVE
UICE,UICE,OPRT,UA,ACTIVE
UKCA,UKCA,OPRT,GB,ACTIVE
UKEX,UKEX,OPRT,UA,ACTIVE
UKGD,XMTS,SGMT,GB,ACTIVE
UKOR,ICPM,SGMT,GB,ACTIVE
UKPX,UKPX,OPRT,GB,ACTIVE
UKRE,ICPM,SGMT,GB,ACTIVE
ULTX,ULTX,OPRT,UG,ACTIVE
UMTS,UMTS,OPRT,GB,EXPIRED
UNGB,UNGB,OPRT,GB,ACTIVE
URCE,URCE,OPRT,RU,EXPIRED
USEF,USEF,OPRT,US,EXPIRED
USOB,XSTO,SGMT,SE,ACTIVE
USWB,XSTO,SGMT,SE,ACTIVE
USWP,XMTS,SGMT,GB,EXPIRED
UTSL,UTSL,OPRT,JP,ACTIVE
UTST,UTSL,SGMT,JP,ACTIVE
VABD,IBSC,SGMT,US,ACTIVE
VAGL,VAGL,OPRT,GB,ACTIVE
VAGM,VAGM,OPRT,GB,ACTIVE
VALX,VUSA,SGMT,US,ACTIVE
VAMS,VAMS,OPRT,ES,ACTIVE
VAVO,VAVO,OPRT,NL,ACTIVE
VCMO,VCMO,OPRT,GB,ACTIVE
VCRS,VUSA,SGMT,US,ACTIVE
VDRK,XTSX,SGMT,CA,ACTIVE
VEGA,VEGA,OPRT,GB,ACTIVE
VERT,VERT,OPRT,US,ACTIVE
VFCM,VFCM,OPRT,US,ACTIVE
VFEX,VFEX,OPRT,ZW,ACTIVE
VFGB,VFGB,OPRT,GB,ACTIVE
VFIL,VFIL,OPRT,IE,ACTIVE
VFMI,VUSA,SGMT,US,ACTIVE
VFSI,VFIL,SGMT,IE,ACTIVE
VFUK,VFUK,OPRT,GB,EXPIRED
VFXO,VFIL,SGMT,IE,ACTIVE
VIRT,VIRT,OPRT,US,ACTIVE
VIUK,VIUK,OPRT,GB,ACTIVE
VKAB,KABU,SGMT,JP,EXPIRED
VLEX,VLEX,OPRT,CH,ACTIVE
VMEX,VMEX,OPRT,AE,ACTIVE
VMFX,VMFX,OPRT,FO,ACTIVE
VMTS,XMTS,SGMT,GB,EXPIRED
VNDM,WSAG,SGMT,US,ACTIVE
VOLA,TRDE,SGMT,GB,EXPIRED
VONT,VONT,OPRT,DE,ACTIVE
VPXB,XBRU,SGMT,BE,ACTIVE
VRXP,XMLI,SGMT,FR,EXPIRED
VTBC,VTBC,OPRT,GB,ACTIVE
VTEX,BNYC,SGMT,US,EXPIRED
VTLS,VWDX,SGMT,DE,ACTIVE
VTPS,VWDX,SGMT,DE,ACTIVE
VUBA,VUBA,OPRT,SK,ACTIVE
VUSA,VUSA,OPRT,US,ACTIVE
VWAP,CCXE,SGMT,NL,ACTIVE
VWDA,VWDX,SGMT,DE,ACTIVE
VWDX,VWDX,OPRT,DE,ACTIVE
WABR,WSAG,SGMT,US,ACTIVE
WBAH,XWBO,SGMT,AT,ACTIVE
WBCL,XWAR,SGMT,PL,ACTIVE
WBDM,XWBO,SGMT,AT,ACTIVE
WBDP,XWBO,SGMT,AT,ACTIVE
WBGF,XWBO,SGMT,AT,EXPIRED
WBKP,WBKP,OPRT,PL,ACTIVE
WBLC,XWAR,SGMT,PL,EXPIRED
WBMA,XWBO,SGMT,AT,ACTIVE
WBON,XWAR,SGMT,PL,ACTIVE
WCDE,XWAR,SGMT,PL,EXPIRED
WCLK,ICAP,SGMT,GB,EXPIRED
WDER,XWAR,SGMT,PL,ACTIVE
WEED,WEED,OPRT,US,EXPIRED
WELN,WELN,OPRT,GB,ACTIVE
WELS,WELS,OPRT,US,ACTIVE
WELX,WELX,OPRT,US,EXPIRED
WETP,XWAR,SGMT,PL,ACTIVE
WFLB,WFLB,OPRT,GB,ACTIVE
WFLP,WELS,SGMT,US,ACTIVE
WFSE,WFSE,OPRT,FR,EXPIRED
WGAS,XWAR,SGMT,PL,EXPIRED
WIND,XWAR,SGMT,PL,ACTIVE
WINS,WINS,OPRT,GB,ACTIVE
WINX,WINS,SGMT,GB,ACTIVE
WIPO,XWAR,SGMT,PL,ACTIVE
WMFS,WMFS,OPRT,GB,ACTIVE
WMSL,WMFS,SGMT,GB,ACTIVE
WMSW,WMFS,SGMT,GB,ACTIVE
WMTF,XWAR,SGMT,PL,ACTIVE
WMUS,WMUS,OPRT,US,ACTIVE
WOOD,WOOD,OPRT,CZ,ACTIVE
WOPO,XWAR,SGMT,PL,EXPIRED
WQXL,XLIS,SGMT,PT,ACTIVE
WSAG,WSAG,OPRT,US,ACTIVE
WSBL,WMUS,SGMT,US,ACTIVE
WSIL,WSIL,OPRT,GB,ACTIVE
WSIN,WSIN,OPRT,GB,EXPIRED
WTRS,WMUS,SGMT,US,ACTIVE
XA1X,XA1X,OPRT,AR,EXPIRED
XABC,XABC,OPRT,SE,ACTIVE
XABG,XABG,OPRT,NO,ACTIVE
XABJ,XABJ,OPRT,CI,EXPIRED
XABX,XABX,OPRT,SG,ACTIVE
XACD,XDUB,SGMT,IE,ACTIVE
XACE,XACE,OPRT,NL,EXPIRED
XADE,ASEX,SGMT,GR,ACTIVE
XADF,FINR,SGMT,US,ACTIVE
XADS,XADS,OPRT,AE,ACTIVE
XAEX,XAEX,OPRT,NL,EXPIRED
XAFR,XAFR,OPRT,FR,ACTIVE
XAFX,XAFX,OPRT,MU,ACTIVE
XAIM,XMIL,SGMT,IT,EXPIRED
XALB,XALB,OPRT,CA,EXPIRED
XALG,XALG,OPRT,DZ,ACTIVE
XALS,XALS,OPRT,AL,ACTIVE
XALT,XALT,OPRT,GB,ACTIVE
XAMC,XAMS,SGMT,NL,ACTIVE
XAMM,XAMM,OPRT,JO,ACTIVE
XAMS,XAMS,OPRT,NL,ACTIVE
XAND,XAND,OPRT,SG,ACTIVE
XANM,XANM,OPRT,SG,ACTIVE
XANS,XANS,OPRT,SG,ACTIVE
XANT,XANT,OPRT,BE,EXPIRED
XAOM,XAOM,OPRT,AU,EXPIRED
XAPA,XPAR,SGMT,FR,ACTIVE
XAPI,XAPI,OPRT,RU,EXPIRED
XAQS,XAQS,OPRT,US,ACTIVE
XARC,XARC,OPRT,US,EXPIRED
XARM,XARM,OPRT,AM,ACTIVE
XASE,XNYS,SGMT,US,ACTIVE
XASM,XDUB,SGMT,IE,EXPIRED
XASX,XASX,OPRT,AU,ACTIVE
XATH,ASEX,SGMT,GR,ACTIVE
XATL,XDUB,SGMT,IE,ACTIVE
XATS,XATS,OPRT,CA,ACTIVE
XATX,XATS,SGMT,CA,ACTIVE
XAUK,XAUK,OPRT,NZ,EXPIRED
XAZX,XAZX,OPRT,US,EXPIRED
XBAA,XBAA,OPRT,BS,ACTIVE
XBAB,XBAB,OPRT,BB,ACTIVE
XBAH,XBAH,OPRT,BH,ACTIVE
XBAN,XBAN,OPRT,IN,ACTIVE
XBAR,BMEX,SGMT,ES,ACTIVE
XBAV,XBAV,OPRT,ES,EXPIRED
XBBF,XBBF,OPRT,BR,EXPIRED
XBBJ,XBBJ,OPRT,ID,ACTIVE
XBBK,XBBK,OPRT,CA,ACTIVE
XBCC,XBCC,OPRT,AR,ACTIVE
XBCE,XBCE,OPRT,HU,EXPIRED
XBCL,XBCL,OPRT,CL,ACTIVE
XBCM,XBCM,OPRT,AR,ACTIVE
XBCV,XBCV,OPRT,HN,ACTIVE
XBCX,XBCM,SGMT,AR,ACTIVE
XBDA,XBDA,OPRT,BM,ACTIVE
XBDV,XBDV,OPRT,AO,ACTIVE
XBEL,XBEL,OPRT,RS,ACTIVE
XBER,XBER,OPRT,DE,ACTIVE
XBES,XJSE,SGMT,ZA,ACTIVE
XBEY,XBEY,OPRT,LB,ACTIVE
XBFO,XBFO,OPRT,BE,EXPIRED
XBIL,BMEX,SGMT,ES,ACTIVE
XBIS,XBAB,SGMT,BB,ACTIVE
XBKF,XBKK,SGMT,TH,ACTIVE
XBKK,XBKK,OPRT,TH,ACTIVE
XBLB,XBLB,OPRT,BA,ACTIVE
XBLK,XPAR,SGMT,FR,ACTIVE
XBLN,XBLN,OPRT,FR,ACTIVE
XBMF,XBMF,OPRT,BR,EXPIRED
XBMK,XBMK,OPRT,US,EXPIRED
XBND,XBUD,SGMT,HU,ACTIVE
XBNV,XBNV,OPRT,CR,ACTIVE
XBOG,XBOG,OPRT,CO,ACTIVE
XBOL,XBOL,OPRT,BO,ACTIVE
XBOM,XBOM,OPRT,IN,ACTIVE
XBOS,XNAS,SGMT,US,ACTIVE
XBOT,XBOT,OPRT,BW,ACTIVE
XBOX,XBOX,OPRT,US,ACTIVE
XBRA,XBRA,OPRT,SK,ACTIVE
XBRD,XBRU,SGMT,BE,ACTIVE
XBRE,XBRE,OPRT,DE,EXPIRED
XBRM,XBRM,OPRT,RO,ACTIVE
XBRN,XBRN,OPRT,CH,ACTIVE
XBRT,XNAS,SGMT,US,ACTIVE
XBRU,XBRU,OPRT,BE,ACTIVE
XBRV,XBRV,OPRT,CI,ACTIVE
XBRY,XBRY,OPRT,PL,ACTIVE
XBSD,XBSE,SGMT,RO,ACTIVE
XBSE,XBSE,OPRT,RO,ACTIVE
XBSP,XBSP,OPRT,BR,EXPIRED
XBTF,XBTF,OPRT,US,EXPIRED
XBTR,XSWX,SGMT,CH,EXPIRED
XBUD,XBUD,OPRT,HU,ACTIVE
XBUE,XBUE,OPRT,AR,ACTIVE
XBUL,XBUL,OPRT,BG,ACTIVE
XBVC,XBVC,OPRT,CV,ACTIVE
XBVM,XBVM,OPRT,MZ,ACTIVE
XBVP,XBVP,OPRT,BR,EXPIRED
XBVR,XBVR,OPRT,DO,ACTIVE
XBXO,XNAS,SGMT,US,ACTIVE
XCAI,XCAI,OPRT,EG,ACTIVE
XCAL,XCAL,OPRT,IN,ACTIVE
XCAN,XBSE,SGMT,RO,ACTIVE
XCAR,BVCA,SGMT,VE,EXPIRED
XCAS,XCAS,OPRT,MA,ACTIVE
XCAY,XCAY,OPRT,KY,ACTIVE
XCBD,XCBO,SGMT,US,ACTIVE
XCBF,XCBO,SGMT,US,ACTIVE
XCBO,XCBO,OPRT,US,ACTIVE
XCBT,XCBT,OPRT,US,ACTIVE
XCCE,XCCE,OPRT,JP,EXPIRED
XCCX,XCCX,OPRT,US,EXPIRED
XCDE,XCDE,OPRT,IE,ACTIVE
XCEC,XNYM,SGMT,US,ACTIVE
XCEF,XCEF,OPRT,DE,ACTIVE
XCEG,XWBO,SGMT,AT,EXPIRED
XCET,XCET,OPRT,UZ,ACTIVE
XCFE,XCFE,OPRT,CN,ACTIVE
XCFF,XCFF,OPRT,US,ACTIVE
XCGS,XCGS,OPRT,HK,ACTIVE
XCHG,XCHG,OPRT,BD,ACTIVE
XCHI,XNYS,SGMT,US,ACTIVE
XCIE,XCIE,OPRT,GG,ACTIVE
XCIS,XNYS,SGMT,US,ACTIVE
XCME,XCME,OPRT,US,ACTIVE
XCNF,XCNF,OPRT,AR,ACTIVE
XCNQ,XCNQ,OPRT,CA,ACTIVE
XCOL,XCOL,OPRT,LK,ACTIVE
XCOR,XCOR,OPRT,GB,ACTIVE
XCRC,XCRC,OPRT,US,EXPIRED
XCRO,XCRO,OPRT,HR,ACTIVE
XCSC,XCSC,OPRT,US,EXPIRED
XCSE,XCSE,OPRT,DK,ACTIVE
XCSX,XCSX,OPRT,KH,ACTIVE
XCTS,XSTU,SGMT,DE,ACTIVE
XCUE,XCUE,OPRT,UZ,ACTIVE
XCUR,XCUR,OPRT,US,ACTIVE
XCVD,XCVD,OPRT,DO,ACTIVE
XCX2,CHIC,SGMT,CA,ACTIVE
XCXD,XCXD,OPRT,CA,ACTIVE
XCYO,XCYS,SGMT,CY,ACTIVE
XCYS,XCYS,OPRT,CY,ACTIVE
XDAR,XDAR,OPRT,TZ,ACTIVE
XDBC,XFRA,SGMT,DE,EXPIRED
XDBV,XFRA,SGMT,DE,EXPIRED
XDBX,XFRA,SGMT,DE,EXPIRED
XDCE,XDCE,OPRT,CN,ACTIVE
XDES,XDES,OPRT,IN,ACTIVE
XDEX,XSTU,SGMT,DE,ACTIVE
XDFB,XDFB,OPRT,UA,ACTIVE
XDFM,XDFM,OPRT,AE,ACTIVE
XDHA,XDHA,OPRT,BD,ACTIVE
XDLP,XSWX,SGMT,CH,ACTIVE
XDMI,XMIL,SGMT,IT,ACTIVE
XDNB,XDNB,OPRT,NO,ACTIVE
XDPA,XDPA,OPRT,ES,ACTIVE
XDRF,BMEX,SGMT,ES,ACTIVE
XDRK,XTSE,SGMT,CA,ACTIVE
XDSE,XDSE,OPRT,SY,ACTIVE
XDSM,XIST,SGMT,TR,ACTIVE
XDSX,XDSX,OPRT,CM,ACTIVE
XDTB,XDTB,OPRT,DE,EXPIRED
XDUB,XDUB,OPRT,IE,ACTIVE
XDUS,XDUS,OPRT,DE,ACTIVE
XDWZ,XDWZ,OPRT,DE,EXPIRED
XEAS,XEQT,SGMT,BE,EXPIRED
XEBI,XEBI,OPRT,IE,ACTIVE
XEBS,XEBS,OPRT,GB,ACTIVE
XECB,XECB,OPRT,DE,ACTIVE
XECC,XECC,OPRT,DE,ACTIVE
XECM,XCYS,SGMT,CY,ACTIVE
XECO,XAMS,SGMT,NL,ACTIVE
XECS,XECS,OPRT,KN,ACTIVE
XEDA,EXTR,SGMT,TR,ACTIVE
XEDX,XEDX,OPRT,GB,EXPIRED
XEEE,XEEE,OPRT,DE,ACTIVE
XEEO,XEEE,SGMT,DE,EXPIRED
XEER,XEEE,SGMT,DE,ACTIVE
XEHQ,XEUP,SGMT,DE,ACTIVE
XEID,EXTR,SGMT,TR,ACTIVE
XELX,XELX,OPRT,US,ACTIVE
XEMA,XETR,SGMT,DE,ACTIVE
XEMB,XETR,SGMT,DE,ACTIVE
XEMD,XEMD,OPRT,MX,ACTIVE
XEMI,XETR,SGMT,DE,ACTIVE
XEMS,XEMS,OPRT,NL,ACTIVE
XEQT,XBER,SGMT,DE,ACTIVE
XEQU,XBER,SGMT,DE,ACTIVE
XEQY,XIST,SGMT,TR,ACTIVE
XERE,XEUP,SGMT,DE,ACTIVE
XERT,XEUP,SGMT,DE,ACTIVE
XESM,XDUB,SGMT,IE,ACTIVE
XETA,XETR,SGMT,DE,ACTIVE
XETB,XETR,SGMT,DE,ACTIVE
XETC,XETI,SGMT,DE,EXPIRED
XETD,XETI,SGMT,DE,EXPIRED
XETE,XETR,SGMT,DE,ACTIVE
XETF,XPAR,SGMT,FR,ACTIVE
XETI,XETI,OPRT,DE,EXPIRED
XETR,XETR,OPRT,DE,ACTIVE
XETS,XETR,SGMT,DE,ACTIVE
XETU,XETR,SGMT,DE,ACTIVE
XETV,XETR,SGMT,DE,ACTIVE
XETW,XETR,SGMT,DE,ACTIVE
XETX,XETR,SGMT,DE,ACTIVE
XEUB,XETR,SGMT,DE,EXPIRED
XEUC,XAMS,SGMT,NL,ACTIVE
XEUE,XAMS,SGMT,NL,ACTIVE
XEUI,XAMS,SGMT,NL,ACTIVE
XEUM,XEUP,SGMT,DE,ACTIVE
XEUP,XEUP,OPRT,DE,ACTIVE
XEUR,XEUR,OPRT,DE,ACTIVE
XEUS,XEUS,OPRT,US,EXPIRED
XEYE,XDUB,SGMT,IE,ACTIVE
XFCI,FICO,SGMT,US,ACTIVE
XFCM,XFCM,OPRT,ES,EXPIRED
XFCX,XFCX,OPRT,AU,ACTIVE
XFDA,FICO,SGMT,US,ACTIVE
XFEX,XFEX,OPRT,AU,ACTIVE
XFFE,XFFE,OPRT,JP,EXPIRED
XFKA,XFKA,OPRT,JP,ACTIVE
XFMN,XFMN,OPRT,FR,EXPIRED
XFND,XCSE,SGMT,DK,EXPIRED
XFNO,XIST,SGMT,TR,ACTIVE
XFNX,XFNX,OPRT,IE,EXPIRED
XFOM,XFOM,OPRT,FI,EXPIRED
XFRA,XFRA,OPRT,DE,ACTIVE
XFTA,XFTA,OPRT,NL,EXPIRED
XFTX,XFTX,OPRT,AG,ACTIVE
XGAI,XGAI,OPRT,AE,ACTIVE
XGAS,XGAS,OPRT,HU,ACTIVE
XGAT,TGAT,SGMT,DE,ACTIVE
XGCL,XGCL,OPRT,GB,ACTIVE
XGCX,GMEG,SGMT,GB,ACTIVE
XGDX,GMEG,SGMT,GB,ACTIVE
XGEM,XHKG,SGMT,HK,ACTIVE
XGFI,GFIC,SGMT,GB,EXPIRED
XGGI,XGGI,OPRT,AE,ACTIVE
XGHA,XGHA,OPRT,GH,ACTIVE
XGLO,XWAR,SGMT,PL,ACTIVE
XGME,XGME,OPRT,IT,ACTIVE
XGMX,XGMX,OPRT,US,ACTIVE
XGPS,XDUB,SGMT,IE,ACTIVE
XGRM,TGAT,SGMT,DE,ACTIVE
XGRW,XBSE,SGMT,RO,ACTIVE
XGSE,XGSE,OPRT,GE,ACTIVE
XGSX,GMEG,SGMT,GB,ACTIVE
XGTG,XGTG,OPRT,GT,ACTIVE
XGUA,XGUA,OPRT,EC,ACTIVE
XHAM,XHAM,OPRT,DE,ACTIVE
XHAN,XHAN,OPRT,DE,ACTIVE
XHCE,XHCE,OPRT,DE,EXPIRED
XHEL,XHEL,OPRT,FI,ACTIVE
XHER,XHER,OPRT,JP,EXPIRED
XHFT,XAMS,SGMT,NL,EXPIRED
XHIR,XHIR,OPRT,JP,EXPIRED
XHKF,XHKF,OPRT,HK,ACTIVE
XHKG,XHKG,OPRT,HK,ACTIVE
XHNF,HSTC,SGMT,VN,ACTIVE
XHNX,HSTC,SGMT,VN,ACTIVE
XHON,XHON,OPRT,HN,EXPIRED
XIAB,XIAB,OPRT,TR,EXPIRED
XIBE,XIBE,OPRT,AZ,ACTIVE
XICB,XICB,OPRT,CH,EXPIRED
XICE,XICE,OPRT,IS,ACTIVE
XICX,XICX,OPRT,CA,ACTIVE
XIDX,XIDX,OPRT,ID,ACTIVE
XIEL,XIEL,OPRT,GB,ACTIVE
XIEX,XDUB,SGMT,IE,EXPIRED
XIGG,XIGG,OPRT,DE,ACTIVE
XIHK,XIHK,OPRT,HK,ACTIVE
XIJP,XIJP,OPRT,JP,EXPIRED
XIMA,XIMA,OPRT,NO,ACTIVE
XIMC,XIMC,OPRT,IN,ACTIVE
XIME,XIME,OPRT,TW,EXPIRED
XIMM,XCME,SGMT,US,ACTIVE
XIMX,XIMX,OPRT,US,ACTIVE
XINE,XSGE,SGMT,CN,ACTIVE
XINS,XINS,OPRT,US,ACTIVE
XINV,XINV,OPRT,DE,ACTIVE
XIOM,XCME,SGMT,US,ACTIVE
XIPE,XIPE,OPRT,GB,EXPIRED
XIPO,ASEX,SGMT,GR,ACTIVE
XIQS,XIQS,OPRT,IQ,ACTIVE
XISA,XISX,SGMT,US,ACTIVE
XISE,XISX,SGMT,US,ACTIVE
XISL,XISL,OPRT,PK,EXPIRED
XIST,XIST,OPRT,TR,ACTIVE
XISX,XISX,OPRT,US,ACTIVE
XJAM,XJAM,OPRT,JM,ACTIVE
XJAS,XJPX,SGMT,JP,EXPIRED
XJAX,XJAX,OPRT,JP,ACTIVE
XJKT,XJKT,OPRT,ID,EXPIRED
XJNB,XJNB,OPRT,ID,ACTIVE
XJPX,XJPX,OPRT,JP,ACTIVE
XJSE,XJSE,OPRT,ZA,ACTIVE
XJWY,XJWY,OPRT,GB,EXPIRED
XKAC,XKAC,OPRT,JP,ACTIVE
XKAR,XKAR,OPRT,PK,ACTIVE
XKAZ,XKAZ,OPRT,KZ,ACTIVE
XKBT,XCBT,SGMT,US,ACTIVE
XKCE,XKCE,OPRT,UZ,ACTIVE
XKCM,XKRX,SGMT,KR,ACTIVE
XKEM,XKRX,SGMT,KR,ACTIVE
XKFB,XKFB,OPRT,KR,ACTIVE
XKFE,XKRX,SGMT,KR,ACTIVE
XKGT,XKGT,OPRT,JP,EXPIRED
XKHA,XKHA,OPRT,SD,ACTIVE
XKHR,XKHR,OPRT,UA,ACTIVE
XKIE,XKIE,OPRT,UA,ACTIVE
XKIS,XKIS,OPRT,UA,ACTIVE
XKKT,XKKT,OPRT,JP,EXPIRED
XKLS,XKLS,OPRT,MY,ACTIVE
XKON,XKRX,SGMT,KR,ACTIVE
XKOR,XKOR,OPRT,KR,EXPIRED
XKOS,XKRX,SGMT,KR,ACTIVE
XKRX,XKRX,OPRT,KR,ACTIVE
XKSE,XKSE,OPRT,KG,ACTIVE
XKST,XKST,OPRT,JP,EXPIRED
XKUW,XKUW,OPRT,KW,ACTIVE
XKYO,XKYO,OPRT,JP,EXPIRED
XLAH,XLAH,OPRT,PK,EXPIRED
XLAO,XLAO,OPRT,LA,ACTIVE
XLAT,BMEX,SGMT,ES,ACTIVE
XLBM,XLBM,OPRT,GB,ACTIVE
XLCE,XLCE,OPRT,GB,EXPIRED
XLCH,XLCH,OPRT,GB,ACTIVE
XLDN,XLDN,OPRT,GB,EXPIRED
XLDX,GMEG,SGMT,GB,ACTIVE
XLFX,XLFX,OPRT,MY,ACTIVE
XLGT,XLGT,OPRT,LI,ACTIVE
XLIF,XLDN,SGMT,GB,EXPIRED
XLIM,XLIM,OPRT,PE,ACTIVE
XLIS,XLIS,OPRT,PT,ACTIVE
XLIT,XLIT,OPRT,LT,ACTIVE
XLJM,XLJU,SGMT,SI,ACTIVE
XLJS,XLJS,OPRT,SI,EXPIRED
XLJU,XLJU,OPRT,SI,ACTIVE
XLLB,XLLB,OPRT,LI,ACTIVE
XLME,XLME,OPRT,GB,ACTIVE
XLOD,XLON,SGMT,GB,EXPIRED
XLOF,XLOF,OPRT,MY,EXPIRED
XLOM,XLON,SGMT,GB,ACTIVE
XLON,XLON,OPRT,GB,ACTIVE
XLOX,XLON,SGMT,GB,ACTIVE
XLQC,XLQC,OPRT,AU,ACTIVE
XLSM,XLSM,OPRT,LY,ACTIVE
XLTO,XLTO,OPRT,GB,EXPIRED
XLUS,XLUS,OPRT,ZM,ACTIVE
XLUX,XLUX,OPRT,LU,ACTIVE
XMAB,XMAB,OPRT,AR,ACTIVE
XMAC,XMAC,OPRT,US,EXPIRED
XMAD,BMEX,SGMT,ES,ACTIVE
XMAE,XMAE,OPRT,MK,ACTIVE
XMAI,XBKK,SGMT,TH,ACTIVE
XMAL,XMAL,OPRT,MT,ACTIVE
XMAN,XMAN,OPRT,NI,ACTIVE
XMAP,XMAP,OPRT,MZ,EXPIRED
XMAT,XPAR,SGMT,FR,ACTIVE
XMAU,XMAU,OPRT,MU,ACTIVE
XMCE,BMEX,SGMT,ES,EXPIRED
XMDG,XMDG,OPRT,MG,ACTIVE
XMDS,XMDS,OPRT,IN,ACTIVE
XMEF,BMEX,SGMT,ES,EXPIRED
XMEM,XMEM,OPRT,US,ACTIVE
XMER,XMER,OPRT,US,ACTIVE
XMEV,XBUE,SGMT,AR,ACTIVE
XMEX,XMEX,OPRT,MX,ACTIVE
XMFE,XMGE,SGMT,US,ACTIVE
XMFX,BMEX,SGMT,ES,ACTIVE
XMGE,XMGE,OPRT,US,ACTIVE
XMIC,XMIC,OPRT,RU,EXPIRED
XMID,XMID,OPRT,US,EXPIRED
XMIF,XMIF,OPRT,IT,EXPIRED
XMIL,XMIL,OPRT,IT,ACTIVE
XMIO,MIHI,SGMT,US,ACTIVE
XMLI,XPAR,SGMT,FR,ACTIVE
XMLX,XMLX,OPRT,GB,EXPIRED
XMME,XCYS,SGMT,CY,ACTIVE
XMNT,XMNT,OPRT,UY,ACTIVE
XMNX,XMNX,OPRT,ME,ACTIVE
XMOC,XMOC,OPRT,CA,ACTIVE
XMOD,XMOD,OPRT,CA,ACTIVE
XMOL,XMOL,OPRT,MD,ACTIVE
XMON,XPAR,SGMT,FR,ACTIVE
XMOO,XMOO,OPRT,CA,EXPIRED
XMOS,XMOS,OPRT,RU,ACTIVE
XMOT,XMIL,SGMT,IT,ACTIVE
XMPW,BMEX,SGMT,ES,ACTIVE
XMRV,BMEX,SGMT,ES,ACTIVE
XMSM,XDUB,SGMT,IE,ACTIVE
XMSW,XMSW,OPRT,MW,ACTIVE
XMTB,XMTB,OPRT,AR,ACTIVE
XMTI,XBSE,SGMT,RO,ACTIVE
XMTS,XMTS,OPRT,GB,ACTIVE
XMUN,XMUN,OPRT,DE,ACTIVE
XMUS,XMUS,OPRT,OM,ACTIVE
XMVL,BCFS,SGMT,AR,ACTIVE
XMXT,XMXT,OPRT,US,ACTIVE
XNAF,XNAF,OPRT,ES,ACTIVE
XNAI,XNAI,OPRT,KE,ACTIVE
XNAM,XNAM,OPRT,NA,ACTIVE
XNAS,XNAS,OPRT,US,ACTIVE
XNCD,XNCD,OPRT,IN,ACTIVE
XNCM,XNAS,SGMT,US,ACTIVE
XNCO,XWAR,SGMT,PL,ACTIVE
XNDQ,XNAS,SGMT,US,ACTIVE
XNDU,XNDU,OPRT,UA,ACTIVE
XNDX,XNGM,SGMT,SE,EXPIRED
XNEC,XNEC,OPRT,AU,ACTIVE
XNEE,XNEE,OPRT,NZ,EXPIRED
XNEP,XNEP,OPRT,NP,ACTIVE
XNEW,XFRA,SGMT,DE,EXPIRED
XNFI,XNAS,SGMT,US,ACTIVE
XNGM,XNGM,OPRT,SE,ACTIVE
XNGO,XNGO,OPRT,JP,ACTIVE
XNGS,XNAS,SGMT,US,ACTIVE
XNII,XNII,OPRT,JP,EXPIRED
XNIM,XNAS,SGMT,US,ACTIVE
XNKS,XNKS,OPRT,JP,ACTIVE
XNLI,XNYS,SGMT,US,EXPIRED
XNLX,NURO,SGMT,GB,EXPIRED
XNMR,XNGM,SGMT,SE,EXPIRED
XNMS,XNAS,SGMT,US,ACTIVE
XNOM,XNOM,OPRT,LI,ACTIVE
XNOR,XNOR,OPRT,FI,ACTIVE
XNQL,XNQL,OPRT,US,EXPIRED
XNRG,XBSE,SGMT,RO,ACTIVE
XNSA,XNSA,OPRT,NG,ACTIVE
XNSE,XNSE,OPRT,IN,ACTIVE
XNST,XNST,OPRT,JP,EXPIRED
XNXC,XNXC,OPRT,NL,ACTIVE
XNXD,XNXC,SGMT,NL,ACTIVE
XNYB,XNYS,SGMT,US,ACTIVE
XNYC,XNYC,OPRT,US,EXPIRED
XNYE,XNYM,SGMT,US,ACTIVE
XNYF,XNYF,OPRT,US,EXPIRED
XNYL,XNYM,SGMT,US,ACTIVE
XNYM,XNYM,OPRT,US,ACTIVE
XNYS,XNYS,OPRT,US,ACTIVE
XNZE,XNZE,OPRT,NZ,ACTIVE
XOAA,XOSL,SGMT,NO,ACTIVE
XOAD,XOSL,SGMT,NO,ACTIVE
XOAM,XOSL,SGMT,NO,ACTIVE
XOAS,XOSL,SGMT,NO,ACTIVE
XOBD,XOSL,SGMT,NO,ACTIVE
XOCH,XOCH,OPRT,US,EXPIRED
XODE,XODE,OPRT,UA,ACTIVE
XOFF,XOFF,OPRT,ZZ,ACTIVE
XOME,XOME,OPRT,SE,EXPIRED
XOPV,XSTO,SGMT,SE,EXPIRED
XOSA,XOSL,SGMT,NO,ACTIVE
XOSC,XOSL,SGMT,NO,ACTIVE
XOSD,XOSL,SGMT,NO,ACTIVE
XOSE,XJPX,SGMT,JP,ACTIVE
XOSJ,XJPX,SGMT,JP,ACTIVE
XOSL,XOSL,OPRT,NO,ACTIVE
XOSM,XOSM,OPRT,JP,EXPIRED
XOST,XOST,OPRT,JP,EXPIRED
XOTB,XOTB,OPRT,AT,EXPIRED
XOTC,XOTC,OPRT,US,EXPIRED
XOTP,XOTP,OPRT,HR,ACTIVE
XPAC,ITGL,SGMT,IE,ACTIVE
XPAE,XPAE,OPRT,PS,ACTIVE
XPAL,VIUK,SGMT,GB,ACTIVE
XPAR,XPAR,OPRT,FR,ACTIVE
XPBT,XNAS,SGMT,US,EXPIRED
XPET,XPET,OPRT,RU,ACTIVE
XPHL,XNAS,SGMT,US,ACTIVE
XPHO,XNAS,SGMT,US,ACTIVE
XPHS,XPHS,OPRT,PH,ACTIVE
XPHX,PEEL,SGMT,GB,ACTIVE
XPIC,XPIC,OPRT,RU,ACTIVE
XPIN,UBSA,SGMT,US,EXPIRED
XPLU,XPLU,OPRT,GB,EXPIRED
XPMC,XPAR,SGMT,FR,ACTIVE
XPMS,XIST,SGMT,TR,ACTIVE
XPOL,VIUK,SGMT,GB,ACTIVE
XPOM,XPOM,OPRT,PG,ACTIVE
XPOR,XNAS,SGMT,US,ACTIVE
XPOS,ITGL,SGMT,IE,ACTIVE
XPOT,XEEE,SGMT,DE,EXPIRED
XPOW,XPOW,OPRT,FR,ACTIVE
XPRA,XPRA,OPRT,CZ,ACTIVE
XPRI,XPRI,OPRT,UA,ACTIVE
XPRM,XPRA,SGMT,CZ,ACTIVE
XPSE,XPSE,OPRT,US,EXPIRED
XPSF,XEEE,SGMT,DE,ACTIVE
XPST,XPST,OPRT,HK,ACTIVE
XPSX,XNAS,SGMT,US,ACTIVE
XPTY,XPTY,OPRT,PA,ACTIVE
XPUK,XPUK,OPRT,GB,ACTIVE
XPUS,XPUS,OPRT,US,ACTIVE
XPVT,XLON,SGMT,GB,ACTIVE
XPXE,XPXE,OPRT,CZ,ACTIVE
XQLX,QMTF,SGMT,HU,EXPIRED
XQMH,XSWX,SGMT,CH,ACTIVE
XQOD,XSWX,SGMT,CH,ACTIVE
XQTX,XDUS,SGMT,DE,ACTIVE
XQUI,XQUI,OPRT,EC,ACTIVE
XRAS,XBSE,SGMT,RO,ACTIVE
XRBM,XRBM,OPRT,MY,ACTIVE
XRCB,XRCB,OPRT,AT,EXPIRED
XREP,ROSR,SGMT,CH,ACTIVE
XRFQ,ITGL,SGMT,IE,ACTIVE
XRIO,XRIO,OPRT,BR,EXPIRED
XRIS,XRIS,OPRT,LV,ACTIVE
XRMO,XRMZ,SGMT,CZ,ACTIVE
XRMS,XRMS,OPRT,SK,EXPIRED
XRMZ,XRMZ,OPRT,CZ,ACTIVE
XROS,XROS,OPRT,AR,ACTIVE
XROT,ROSR,SGMT,CH,ACTIVE
XROV,XROV,OPRT,RU,EXPIRED
XROX,XROS,SGMT,AR,ACTIVE
XRPM,XRPM,OPRT,RO,ACTIVE
XRSP,PEEL,SGMT,GB,ACTIVE
XRTR,XRTR,OPRT,DE,EXPIRED
XRUS,XRUS,OPRT,RU,ACTIVE
XSAF,XJSE,SGMT,ZA,ACTIVE
XSAM,XSAM,OPRT,RU,ACTIVE
XSAP,XSAP,OPRT,JP,ACTIVE
XSAT,XSAT,OPRT,SE,ACTIVE
XSAU,XSAU,OPRT,SA,ACTIVE
XSBI,SBIJ,SGMT,JP,ACTIVE
XSBT,XSES,SGMT,SG,ACTIVE
XSC1,XSCO,SGMT,DE,ACTIVE
XSC2,XSCO,SGMT,DE,ACTIVE
XSC3,XSCO,SGMT,DE,ACTIVE
XSCA,XSES,SGMT,SG,ACTIVE
XSCE,XSES,SGMT,SG,ACTIVE
XSCL,XSES,SGMT,SG,EXPIRED
XSCO,XSCO,OPRT,DE,ACTIVE
XSCU,STOX,SGMT,CH,ACTIVE
XSDX,XSWX,SGMT,CH,EXPIRED
XSEB,XSWX,SGMT,CH,ACTIVE
XSEC,XSHE,SGMT,CN,ACTIVE
XSEF,XSEF,OPRT,US,EXPIRED
XSES,XSES,OPRT,SG,ACTIVE
XSFA,XJSE,SGMT,ZA,ACTIVE
XSFE,XASX,SGMT,AU,ACTIVE
XSGA,XSGA,OPRT,FR,ACTIVE
XSGB,XSGB,OPRT,GB,ACTIVE
XSGE,XSGE,OPRT,CN,ACTIVE
XSGL,XSES,SGMT,SG,ACTIVE
XSGO,XSGO,OPRT,CL,ACTIVE
XSHE,XSHE,OPRT,CN,ACTIVE
XSHG,XSHG,OPRT,CN,ACTIVE
XSIB,XSIB,OPRT,RU,ACTIVE
XSIC,XSIC,OPRT,RU,EXPIRED
XSIM,XSES,SGMT,SG,ACTIVE
XSLS,XSWX,SGMT,CH,EXPIRED
XSME,XSME,OPRT,CN,EXPIRED
XSMP,XLDN,SGMT,GB,EXPIRED
XSOM,XSOM,OPRT,BR,EXPIRED
XSOP,XSOP,OPRT,SI,ACTIVE
XSPM,XPAR,SGMT,FR,ACTIVE
XSPS,XSPS,OPRT,FJ,ACTIVE
XSRM,XSRM,OPRT,ES,EXPIRED
XSSC,XSHG,SGMT,CN,ACTIVE
XSSE,XSSE,OPRT,BA,ACTIVE
XSTC,XSTC,OPRT,VN,ACTIVE
XSTE,XSTE,OPRT,UZ,ACTIVE
XSTF,XSTU,SGMT,DE,ACTIVE
XSTM,NFSC,SGMT,US,ACTIVE
XSTO,XSTO,OPRT,SE,ACTIVE
XSTP,XSTU,SGMT,DE,ACTIVE
XSTU,XSTU,OPRT,DE,ACTIVE
XSTV,STOX,SGMT,CH,ACTIVE
XSTX,STOX,SGMT,CH,ACTIVE
XSUR,XSUR,OPRT,ID,EXPIRED
XSVA,XSVA,OPRT,SV,ACTIVE
XSWA,XSWA,OPRT,SZ,ACTIVE
XSWB,XSWB,OPRT,GB,ACTIVE
XSWM,XSWX,SGMT,CH,ACTIVE
XSWO,XSWO,OPRT,CH,EXPIRED
XSWX,XSWX,OPRT,CH,ACTIVE
XTAA,XTAL,SGMT,EE,EXPIRED
XTAD,XTAD,OPRT,TW,EXPIRED
XTAE,XTAE,OPRT,IL,ACTIVE
XTAF,XTAF,OPRT,TW,ACTIVE
XTAI,XTAI,OPRT,TW,ACTIVE
XTAL,XTAL,OPRT,EE,ACTIVE
XTAM,XJPX,SGMT,JP,ACTIVE
XTAR,XTAR,OPRT,EE,EXPIRED
XTEH,XTEH,OPRT,IR,ACTIVE
XTFE,XTFE,OPRT,CA,EXPIRED
XTFF,XTFF,OPRT,JP,ACTIVE
XTFN,XTFN,OPRT,GB,EXPIRED
XTIR,XTIR,OPRT,AL,ACTIVE
XTK1,XJPX,SGMT,JP,ACTIVE
XTK2,XJPX,SGMT,JP,ACTIVE
XTK3,XJPX,SGMT,JP,ACTIVE
XTKA,XTKA,OPRT,JP,EXPIRED
XTKO,XTKO,OPRT,JP,EXPIRED
XTKS,XJPX,SGMT,JP,ACTIVE
XTKT,XJPX,SGMT,JP,ACTIVE
XTLX,XTLX,OPRT,IT,EXPIRED
XTND,XBUD,SGMT,HU,ACTIVE
XTNX,XTSX,SGMT,CA,ACTIVE
XTOE,XTOE,OPRT,CA,EXPIRED
XTPE,XTUP,SGMT,GB,EXPIRED
XTPZ,XISX,SGMT,US,EXPIRED
XTRA,XTRA,OPRT,DK,EXPIRED
XTRD,XTRD,OPRT,US,ACTIVE
XTRN,XTRN,OPRT,TT,ACTIVE
XTRZ,XTRZ,OPRT,HR,ACTIVE
XTSE,XTSE,OPRT,CA,ACTIVE
XTSI,XTSI,OPRT,PL,ACTIVE
XTSX,XTSX,OPRT,CA,ACTIVE
XTUC,XROS,SGMT,AR,ACTIVE
XTUN,XTUN,OPRT,TN,ACTIVE
XTUP,XTUP,OPRT,GB,EXPIRED
XTUR,XTUR,OPRT,TR,EXPIRED
XTXD,XTXD,OPRT,US,ACTIVE
XTXE,XTXE,OPRT,FR,ACTIVE
XTXM,XTXM,OPRT,GB,ACTIVE
XUAX,XUAX,OPRT,UA,ACTIVE
XUBS,XUBS,OPRT,GB,EXPIRED
XUGA,XUGA,OPRT,UG,ACTIVE
XUKR,XUKR,OPRT,UA,ACTIVE
XULA,XULA,OPRT,MN,ACTIVE
XUMP,XUBS,SGMT,GB,EXPIRED
XUNI,XUNI,OPRT,UZ,ACTIVE
XUSE,XUSE,OPRT,IN,ACTIVE
XVAL,BMEX,SGMT,ES,ACTIVE
XVAR,XVAR,OPRT,HR,EXPIRED
XVES,XVES,OPRT,LU,ACTIVE
XVIA,XLIT,SGMT,LT,EXPIRED
XVIE,XWBO,SGMT,AT,ACTIVE
XVLA,XVLA,OPRT,RU,EXPIRED
XVPA,XVPA,OPRT,PY,ACTIVE
XVPB,XVPB,OPRT,LI,ACTIVE
XVSE,XVSE,OPRT,CA,EXPIRED
XVTX,XSWX,SGMT,CH,EXPIRED
XWAP,BCXE,SGMT,GB,ACTIVE
XWAR,XWAR,OPRT,PL,ACTIVE
XWBO,XWBO,OPRT,AT,ACTIVE
XWCE,IFCA,SGMT,CA,EXPIRED
XWEE,WEED,SGMT,US,EXPIRED
XXSC,XXSC,OPRT,DE,ACTIVE
XXXX,XXXX,OPRT,ZZ,ACTIVE
XYIE,XYIE,OPRT,AU,ACTIVE
XYKT,XYKT,OPRT,JP,EXPIRED
XZAG,XZAG,OPRT,HR,ACTIVE
XZAM,XZAG,SGMT,HR,EXPIRED
XZAP,XZAG,SGMT,HR,ACTIVE
XZCE,XZCE,OPRT,CN,ACTIVE
XZIM,XZIM,OPRT,ZW,ACTIVE
YKNA,YKNA,OPRT,US,ACTIVE
YLDX,XJSE,SGMT,ZA,ACTIVE
ZAPA,XZAG,SGMT,HR,ACTIVE
ZARX,ZARX,OPRT,ZA,ACTIVE
ZBUL,XBUL,SGMT,BG,ACTIVE
ZBXE,ZBXE,OPRT,MT,ACTIVE
ZERO,SCXO,SGMT,US,ACTIVE
ZFXM,XJSE,SGMT,ZA,ACTIVE
ZHEU,ZHEU,OPRT,NL,ACTIVE
ZKBX,ZKBX,OPRT,CH,ACTIVE
ZOBX,XBER,SGMT,DE,ACTIVE
ZODM,ZODM,OPRT,GB,ACTIVE
